state_data,loc_1,loc_2,loc_3,loc_4,loc_5,loc_6,loc_7,loc_8,loc_9,loc_10,loc_11,loc_12,pAVG,pSTD
lie,8,8,8,8,633,444,505,8,768,744,390,9,294.4,317.5
lie,9,9,9,9,634,447,504,9,768,744,391,9,295.2,317.2
lie,0,0,0,0,630,437,498,0,765,741,384,0,287.9,319.5
lie,3,3,4,5,632,441,499,4,766,742,388,4,290.9,318.4
lie,8,9,8,8,630,535,648,8,768,733,388,8,312.6,331.5
lie,9,8,9,8,630,512,506,9,769,744,381,9,299.5,320.4
lie,0,0,0,0,625,503,492,0,766,742,375,0,291.9,322.1
lie,4,3,3,4,628,508,497,4,768,742,377,5,295.3,321.4
lie,8,9,9,8,631,512,498,8,769,745,379,8,298.7,320.3
lie,9,9,9,9,631,509,494,9,770,744,381,8,298.5,319.7
lie,0,0,0,0,627,506,490,0,768,742,376,0,292.4,322.6
lie,6,3,2,4,636,516,513,5,786,746,367,4,299.0,326.2
lie,8,8,8,8,618,523,609,9,769,751,406,8,310.4,329.0
lie,8,9,9,8,609,497,689,9,769,752,502,9,322.5,337.6
lie,0,0,0,0,603,503,716,0,712,724,399,0,304.8,331.0
lie,4,3,3,4,600,449,741,4,465,688,480,4,287.1,307.7
lie,8,8,8,8,616,543,714,8,119,690,536,8,272.2,312.3
lie,8,9,9,9,292,515,851,224,9,398,606,9,244.9,290.9
lie,0,0,0,0,147,333,848,416,0,174,618,0,211.3,286.2
lie,4,3,3,4,4,340,842,391,4,232,626,4,204.8,289.2
lie,8,8,8,8,8,355,820,456,8,257,633,218,232.3,281.8
lie,8,8,9,9,9,356,799,506,8,240,639,551,261.8,296.7
lie,0,0,0,0,0,352,762,613,0,14,653,686,256.7,328.5
lie,5,3,3,4,4,229,771,644,4,6,669,495,236.4,313.9
lie,8,8,8,8,8,47,753,669,8,8,673,654,237.7,333.0
lie,8,9,9,9,9,49,774,697,9,9,673,690,245.4,343.0
lie,0,0,0,0,0,177,754,695,0,0,670,725,251.8,343.4
lie,4,6,3,1,5,226,715,665,5,5,659,740,252.8,333.0
lie,8,8,8,8,8,387,712,675,8,8,658,757,270.4,335.9
lie,9,9,9,9,9,394,708,685,9,8,656,780,273.8,339.2
lie,0,0,0,0,0,51,685,688,0,0,654,795,239.4,346.0
lie,4,5,3,2,5,4,528,747,5,4,650,809,230.5,340.6
lie,8,8,8,8,8,8,550,748,8,8,655,808,235.4,341.0
lie,8,9,9,9,8,9,558,711,9,9,673,810,235.2,338.8
lie,0,0,0,0,0,370,537,671,0,0,667,785,252.5,326.4
lie,4,3,3,4,4,459,533,695,4,4,664,785,263.5,330.5
lie,8,8,8,8,8,477,539,703,8,8,670,786,269.3,331.6
lie,8,9,9,8,9,426,549,698,9,8,670,789,266.0,329.3
lie,0,0,0,0,0,387,552,703,0,0,667,787,258.0,332.2
lie,4,5,3,3,4,423,564,707,4,4,670,788,264.9,333.7
lie,8,8,8,8,8,420,568,701,8,8,673,790,267.3,331.7
lie,9,10,9,9,9,439,568,698,9,9,674,788,269.3,331.4
lie,0,0,0,0,0,465,565,702,0,0,668,782,265.2,336.1
lie,4,4,3,3,3,462,571,700,4,4,670,785,267.8,335.0
lie,8,8,8,8,8,435,574,703,8,8,672,788,269.0,332.7
lie,8,9,9,9,9,442,577,711,8,9,673,787,270.9,333.8
lie,0,0,0,0,0,430,574,702,0,0,670,785,263.4,335.7
lie,4,6,3,2,4,445,577,700,5,5,671,785,267.3,334.5
lie,9,8,8,9,8,473,579,705,8,9,673,784,272.8,334.6
lie,8,9,8,8,8,494,621,704,8,8,669,783,277.3,338.9
lie,0,0,0,0,0,493,649,670,0,0,654,733,266.6,333.8
lie,4,4,3,3,4,604,655,746,4,4,638,618,273.9,335.6
lie,8,8,8,8,8,595,668,757,8,8,641,532,270.8,328.6
lie,8,8,8,8,8,471,699,774,8,8,645,9,221.2,321.8
lie,0,0,0,0,0,170,747,860,0,313,232,0,193.5,305.9
lie,4,4,3,3,4,4,711,862,3,591,568,3,230.0,341.9
lie,7,8,8,9,7,8,657,846,8,620,622,8,234.0,338.7
lie,8,8,8,8,8,8,640,848,8,615,639,8,233.8,338.4
lie,0,0,0,0,0,0,698,864,0,576,592,0,227.5,343.1
lie,4,4,3,3,4,3,677,855,4,595,632,3,232.3,343.2
lie,8,8,8,8,7,8,648,849,8,613,646,8,234.9,340.1
lie,8,9,8,9,9,8,689,859,8,611,615,8,236.8,342.7
lie,0,0,0,0,0,0,691,855,0,610,617,0,231.1,346.5
lie,3,4,3,2,4,4,757,882,4,461,471,2,216.4,333.5
lie,8,7,8,8,7,485,821,904,8,15,8,8,190.6,342.6
lie,8,8,9,9,8,600,861,924,9,8,8,8,205.0,363.2
lie,0,0,0,0,0,657,882,898,0,0,0,0,203.1,371.9
lie,5,4,3,361,4,729,882,844,4,4,3,3,237.2,366.5
lie,7,8,8,395,8,820,834,805,8,8,8,8,243.1,364.7
lie,8,8,8,487,9,781,817,788,9,8,8,8,244.9,358.8
lie,0,602,0,574,0,357,754,782,0,0,0,0,255.8,332.3
lie,4,706,768,643,4,5,539,747,5,5,3,2,285.9,352.8
lie,8,701,834,703,8,8,511,515,8,7,8,8,276.6,342.4
lie,8,566,842,755,9,8,537,506,8,8,8,8,271.9,338.0
lie,0,212,768,605,0,274,639,655,0,0,0,0,262.8,314.0
lie,23,48,754,589,23,303,674,670,17,17,22,22,263.5,313.7
lie,21,348,803,620,21,267,638,557,23,22,22,22,280.3,301.3
lie,18,390,797,584,20,297,658,585,18,18,19,19,285.3,304.1
lie,0,411,794,575,0,286,651,573,0,0,0,0,274.2,310.7
lie,10,418,798,597,10,284,651,592,7,7,10,10,282.8,310.9
lie,18,330,788,601,18,288,664,653,18,18,18,18,286.0,310.7
lie,18,378,795,611,18,270,662,642,18,19,19,19,289.1,312.0
lie,0,400,794,602,0,247,653,599,0,0,0,0,274.6,315.4
lie,10,408,793,578,8,272,663,616,8,8,10,10,282.0,311.7
lie,18,447,803,585,18,278,664,579,19,18,18,18,288.8,307.7
lie,18,432,815,603,18,279,662,576,18,18,19,19,289.8,310.0
lie,0,462,808,587,0,246,628,488,0,0,0,0,268.3,307.5
lie,12,468,810,594,12,257,634,510,14,9,12,12,278.7,305.3
lie,15,303,800,517,16,238,564,377,15,15,16,15,240.9,273.2
lie,16,39,775,610,16,313,612,39,17,16,16,16,207.1,291.6
lie,0,9,797,630,0,495,713,0,0,0,0,0,220.3,330.7
lie,8,121,773,52,241,611,634,8,9,9,6,7,206.6,291.8
lie,16,16,829,17,437,653,564,16,16,16,16,16,217.7,309.9
lie,16,16,763,17,571,729,603,17,17,16,17,17,233.3,323.7
lie,0,0,795,0,647,735,601,0,0,0,0,0,231.5,345.0
lie,9,10,737,9,710,757,494,9,9,7,6,8,230.4,334.1
lie,16,16,683,16,755,761,505,16,16,16,16,16,236.0,330.9
lie,17,17,761,17,735,762,519,16,17,17,17,17,242.7,339.1
lie,0,0,771,0,702,757,499,0,0,0,0,0,227.4,342.3
lie,8,8,800,6,668,761,523,5,8,9,7,7,234.2,341.3
lie,16,16,804,16,679,764,534,15,16,16,16,16,242.3,340.3
lie,16,17,800,17,689,765,532,16,16,16,17,16,243.1,340.6
lie,0,0,785,0,698,760,515,0,0,0,0,0,229.8,345.4
lie,8,9,779,6,717,764,515,8,9,9,7,7,236.5,343.7
lie,16,16,783,16,719,766,521,16,16,16,16,16,243.1,341.3
lie,16,17,792,17,704,766,529,16,16,16,17,16,243.5,341.1
lie,0,0,795,0,688,762,525,0,0,0,0,0,230.8,346.7
lie,8,9,800,6,695,781,507,6,9,8,8,6,236.9,346.0
lie,16,16,783,16,672,769,487,16,16,16,17,16,236.7,333.5
lie,16,16,758,17,715,783,514,16,16,16,17,16,241.7,339.0
lie,0,0,678,0,757,803,548,0,0,0,0,0,232.2,347.9
lie,8,9,641,6,778,815,553,8,8,9,7,6,237.3,345.2
lie,16,16,335,16,773,880,681,16,16,16,15,16,233.0,343.6
lie,16,16,16,16,786,896,741,16,16,16,16,16,213.9,359.7
lie,0,0,0,0,746,893,853,0,0,0,0,0,207.7,377.1
lie,8,8,6,6,726,852,898,5,322,9,6,6,237.7,367.5
lie,16,16,16,16,676,710,858,16,674,262,16,16,274.3,346.3
lie,17,16,16,16,651,568,793,16,646,653,16,15,285.3,336.3
lie,0,0,0,0,571,371,714,0,742,746,500,0,303.7,333.6
lie,8,8,7,6,333,43,696,6,762,778,539,5,265.9,333.8
lie,15,16,16,16,15,15,565,15,788,802,569,16,237.3,334.8
lie,16,16,16,16,202,224,736,16,775,787,573,16,282.8,333.5
lie,0,0,0,0,373,373,763,0,788,777,518,0,299.3,340.9
lie,8,8,10,6,431,440,792,5,785,762,481,8,311.3,340.1
lie,15,15,16,15,245,386,783,15,764,768,531,15,297.3,332.8
lie,16,16,16,16,302,402,796,17,769,770,534,16,305.8,335.1
lie,0,0,0,0,395,442,803,0,767,764,511,0,306.8,343.7
lie,8,9,6,6,302,393,762,8,775,769,518,8,297.0,334.2
lie,15,15,15,15,375,405,772,16,789,773,521,16,310.6,335.2
lie,16,17,16,16,413,436,794,16,788,772,511,16,317.6,338.5
lie,0,0,0,0,282,393,777,0,767,768,521,0,292.3,338.7
lie,8,8,6,6,298,399,786,8,771,771,526,8,299.6,337.7
lie,14,15,16,15,332,489,811,16,760,751,510,16,312.1,335.9
lie,16,16,16,16,283,487,820,16,756,742,523,16,308.9,336.0
lie,0,0,0,0,308,497,815,0,754,729,507,0,300.8,340.7
lie,8,8,7,6,371,467,800,5,740,701,484,8,300.4,328.4
lie,15,15,15,15,237,208,838,89,214,720,590,15,247.6,299.6
lie,16,16,16,16,104,358,823,307,223,565,622,16,256.8,282.2
lie,0,0,0,0,0,249,752,622,0,433,621,626,275.3,311.9
lie,8,8,7,6,8,302,695,685,8,8,675,777,265.6,338.0
lie,15,15,16,16,15,172,664,619,15,15,655,814,252.6,327.7
lie,16,16,16,16,16,246,411,765,17,16,663,823,251.8,326.5
lie,0,0,0,0,0,256,432,741,0,0,676,817,243.5,332.2
lie,8,8,9,5,5,384,436,724,8,8,683,816,257.8,329.8
lie,15,15,16,15,15,450,435,702,16,15,674,809,264.8,323.9
lie,16,16,16,16,16,471,437,694,16,16,672,806,266.0,323.1
lie,0,0,0,0,0,432,433,697,0,0,670,805,253.1,328.7
lie,8,8,6,6,8,399,446,723,8,8,678,811,259.1,329.3
lie,16,15,15,16,15,375,453,736,15,15,683,814,264.0,327.8
lie,16,16,16,16,16,386,454,732,16,16,684,814,265.2,327.4
lie,0,0,0,0,0,429,442,714,0,0,676,808,255.8,332.2
lie,8,8,8,6,6,447,444,705,5,8,677,806,260.7,328.5
lie,15,15,15,15,15,446,451,710,15,16,679,809,266.8,326.1
lie,16,16,16,16,16,419,453,721,16,16,682,811,266.5,326.5
lie,0,0,0,0,0,382,446,729,0,0,677,809,253.6,332.7
lie,8,8,9,6,6,349,550,776,5,8,681,700,258.8,327.1
lie,15,15,15,16,15,15,628,851,15,84,604,15,190.7,309.8
lie,16,16,16,14,15,16,718,897,16,594,16,15,195.8,332.4
lie,0,0,0,0,0,0,759,905,0,618,0,0,190.2,349.4
lie,8,8,9,6,5,43,790,918,4,500,8,6,192.1,340.6
lie,15,15,16,15,15,292,816,917,15,498,15,15,220.3,338.3
lie,15,16,15,16,16,416,840,908,16,64,71,15,200.7,334.5
lie,0,0,0,0,0,740,862,913,0,0,0,0,209.6,381.0
lie,6,8,8,8,7,806,882,916,6,4,8,8,222.3,390.1
lie,15,14,15,15,14,782,851,891,15,15,15,15,221.4,374.6
lie,15,16,16,330,16,719,776,823,16,15,16,16,231.2,339.3
lie,0,0,0,606,0,694,678,752,0,0,0,0,227.5,337.5
lie,7,8,461,664,7,647,567,737,8,7,9,5,260.6,319.4
lie,14,14,469,630,14,664,566,754,15,14,14,15,265.3,316.8
lie,15,15,15,353,15,720,766,794,15,16,15,15,229.5,334.4
lie,0,0,0,76,0,752,802,821,0,0,0,0,204.3,355.2
lie,4,7,8,275,5,746,799,808,7,7,7,6,223.3,347.2
lie,14,14,14,204,14,750,800,811,15,13,14,14,223.1,344.6
lie,15,88,14,498,14,449,727,808,14,14,14,15,222.5,308.4
lie,0,552,0,56,0,226,724,808,0,0,0,0,197.2,311.8
lie,4,524,7,5,5,275,712,810,4,7,7,6,197.2,308.5
lie,14,149,14,14,14,388,776,840,14,14,14,14,188.8,309.6
lie,14,401,14,14,15,370,775,833,14,14,14,14,207.7,312.8
lie,0,542,0,252,0,223,712,812,0,0,0,0,211.8,306.8
lie,3,407,8,5,6,357,765,838,7,7,7,6,201.3,315.4
lie,13,308,13,14,14,373,777,841,13,14,14,14,200.7,310.9
lie,14,541,14,256,14,214,730,818,14,14,14,14,221.4,304.4
lie,0,477,0,0,0,326,753,834,0,0,0,0,199.2,319.1
lie,6,339,9,6,4,370,776,840,6,7,7,5,197.9,314.8
lie,13,551,14,371,13,267,685,825,13,13,13,13,232.6,303.7
lie,14,477,15,450,14,304,685,818,14,14,14,14,236.1,300.5
lie,0,0,0,305,0,548,765,803,0,0,0,0,201.8,321.2
lie,7,126,8,434,6,437,704,770,7,8,8,5,210.0,294.6
lie,13,182,13,406,13,436,708,782,13,13,13,13,217.1,291.8
lie,14,14,14,279,14,535,744,794,14,14,14,14,205.3,308.0
lie,0,165,0,295,0,547,761,767,0,0,0,0,211.3,308.3
lie,7,311,8,347,6,511,735,755,8,7,8,5,225.7,298.1
lie,13,166,13,264,13,445,763,790,14,13,13,13,210.0,297.5
lie,14,14,14,14,15,630,776,751,14,14,14,14,190.3,320.5
lie,0,19,0,0,0,759,779,524,0,0,0,0,173.4,315.8
lie,4,8,200,5,412,770,781,5,7,7,7,5,184.3,302.3
lie,13,13,14,13,694,777,760,13,13,13,13,13,195.8,330.9
lie,19,19,18,18,828,842,698,18,18,18,18,17,210.9,350.4
lie,0,0,0,0,852,856,692,0,0,0,0,0,200.0,364.0
lie,12,11,12,8,831,860,721,8,11,12,9,8,208.6,360.4
lie,18,18,19,19,817,854,717,18,19,19,18,18,212.8,353.0
lie,20,20,20,19,775,859,773,19,19,19,20,20,215.3,354.6
lie,0,0,0,0,777,863,774,0,0,0,0,0,201.2,364.6
lie,7,10,11,8,787,866,764,8,8,10,10,7,208.0,361.1
lie,18,18,18,18,818,870,752,18,18,18,18,18,216.8,360.6
lie,19,20,19,19,829,872,745,19,19,19,19,20,218.3,361.1
lie,0,0,0,0,824,866,736,0,0,0,0,0,202.2,366.8
lie,6,10,10,7,817,869,758,7,6,10,11,8,209.9,365.4
lie,18,18,18,18,811,871,774,16,17,18,18,18,217.9,362.9
lie,19,19,19,19,812,871,771,19,19,19,19,19,218.8,362.0
lie,0,0,0,0,817,869,759,0,0,0,0,0,203.8,369.3
lie,9,10,9,7,833,886,777,7,10,11,7,7,214.4,373.1
lie,18,18,18,18,858,908,829,18,17,18,18,18,229.7,383.5
lie,20,18,19,19,827,911,876,19,19,19,19,19,232.1,385.9
lie,0,0,0,0,790,882,881,0,0,0,0,0,212.8,385.5
lie,10,10,8,8,752,792,828,7,350,431,8,6,267.5,347.5
lie,17,18,19,18,586,528,698,18,600,742,568,18,319.2,319.4
lie,19,19,19,19,570,203,496,19,671,784,588,19,285.5,308.5
lie,0,0,0,0,0,0,0,0,836,832,450,0,176.5,333.0
lie,10,10,8,7,400,215,367,6,838,801,412,10,257.0,310.8
lie,17,18,17,17,219,211,558,18,846,813,539,18,274.3,326.2
lie,19,19,19,19,296,225,656,18,839,811,557,19,291.4,333.5
lie,0,0,0,0,0,197,628,0,833,809,565,0,252.7,348.3
lie,9,10,11,7,275,211,625,7,843,813,563,6,281.7,336.8
lie,17,18,18,18,356,219,595,18,847,814,548,18,290.5,330.0
lie,19,19,18,19,352,217,517,19,851,816,547,19,284.4,324.6
lie,0,0,0,0,339,193,566,0,847,812,538,0,274.6,334.9
lie,10,10,11,7,338,205,618,7,847,817,567,6,286.9,338.1
lie,17,18,18,18,295,205,626,18,848,819,578,18,289.8,335.6
lie,19,19,19,19,332,208,619,19,850,833,580,19,294.7,337.1
lie,0,0,0,0,480,218,748,0,836,780,581,0,303.6,353.7
lie,7,10,10,8,662,519,823,7,837,708,47,7,303.8,367.1
lie,17,18,19,18,674,762,865,18,836,48,18,18,275.9,378.2
lie,19,19,19,19,805,895,736,19,686,19,19,19,272.8,377.9
lie,0,0,0,0,804,893,694,0,684,0,0,0,256.3,382.0
lie,7,10,10,11,857,891,618,8,368,10,10,7,233.9,355.4
lie,18,18,18,17,912,902,756,18,18,18,18,18,227.6,381.2
lie,18,19,19,20,895,876,732,19,19,19,19,19,222.8,370.7
lie,522,0,0,0,826,823,675,0,0,0,0,0,237.2,358.4
lie,613,267,164,7,755,788,525,9,10,10,7,7,263.5,317.3
lie,516,571,744,17,647,681,255,18,18,18,18,18,293.4,310.7
lie,344,514,666,19,658,700,255,19,19,19,19,19,270.9,291.6
lie,0,185,268,0,790,787,432,0,0,0,0,0,205.2,306.2
lie,383,49,309,7,788,761,279,6,9,10,7,7,217.9,294.3
lie,500,241,385,18,769,743,239,18,18,18,18,18,248.8,288.6
lie,363,19,258,19,795,769,314,19,18,19,19,19,219.3,293.3
lie,382,247,446,0,770,759,286,0,0,0,0,0,240.8,295.5
lie,456,382,594,7,752,752,283,9,10,10,7,7,272.4,305.7
lie,323,276,465,18,771,775,330,18,18,18,18,18,254.0,290.5
lie,19,428,590,19,736,764,320,19,18,19,18,19,247.4,305.5
lie,490,295,463,0,755,742,169,0,0,0,0,0,242.8,298.9
lie,9,55,408,7,783,815,337,8,10,10,11,8,205.1,309.9
lie,17,87,624,18,633,787,400,18,18,18,18,18,221.3,300.2
lie,289,397,504,19,641,745,319,19,19,19,19,19,250.8,271.4
lie,503,256,0,0,202,753,527,0,0,0,0,0,186.8,267.2
lie,469,10,11,7,186,755,702,7,9,10,11,7,182.0,289.3
lie,17,17,18,18,18,725,811,333,18,18,18,17,169.0,294.5
lie,19,19,19,19,19,732,805,712,19,19,18,19,201.6,331.2
lie,0,0,0,0,0,629,800,845,0,0,0,0,189.5,346.2
lie,6,10,10,7,7,565,793,877,8,10,10,7,192.5,340.2
lie,18,18,18,17,18,338,824,891,18,18,18,17,184.4,327.8
lie,18,19,19,20,19,19,780,918,19,19,19,20,157.4,324.4
lie,0,0,0,0,0,299,805,902,0,0,0,0,167.2,332.4
lie,7,10,10,7,8,568,803,884,7,10,10,7,194.3,343.3
lie,18,18,18,18,18,688,822,878,18,18,17,18,212.4,354.4
lie,18,19,19,19,19,733,802,870,20,19,19,19,214.7,355.2
lie,0,0,0,0,0,701,797,872,0,0,0,0,197.5,359.2
lie,7,10,10,8,7,645,814,889,7,10,10,7,202.0,354.2
lie,18,18,18,18,18,558,813,902,18,18,18,18,202.9,343.1
lie,19,19,19,18,19,566,818,901,20,19,19,20,204.8,344.0
lie,0,0,0,0,0,658,820,888,0,0,0,0,197.2,360.2
lie,7,7,10,10,8,707,826,879,8,7,10,10,207.4,361.7
lie,18,18,18,18,17,714,822,877,18,18,18,17,214.4,357.5
lie,19,19,19,19,19,701,820,887,18,20,19,19,214.9,356.7
lie,0,0,0,0,0,628,814,896,0,0,0,0,194.8,357.3
lie,7,9,10,11,7,606,816,898,7,9,9,10,199.9,351.7
lie,17,18,18,18,18,638,822,895,18,18,18,18,209.7,351.5
lie,19,19,19,20,19,709,840,907,19,19,19,19,219.0,364.2
lie,0,0,0,0,0,770,883,892,0,0,0,0,212.1,384.8
lie,7,9,10,11,7,740,898,924,7,9,9,11,220.2,384.6
lie,18,18,18,18,18,673,881,928,18,18,18,17,220.3,370.6
lie,19,19,20,19,19,657,851,934,19,19,125,19,226.7,360.6
lie,0,0,0,0,0,592,766,868,0,0,317,787,277.5,367.6
lie,7,8,10,10,8,663,687,759,8,8,616,837,301.8,366.2
lie,18,18,18,17,17,502,667,609,18,18,670,844,284.7,338.3
lie,19,19,19,19,19,20,663,666,20,19,682,844,250.8,345.0
lie,0,0,0,0,0,0,541,580,0,0,681,839,220.1,332.4
lie,7,6,10,10,7,7,432,256,7,204,774,842,213.5,309.7
lie,18,18,18,18,18,19,457,638,18,144,765,843,247.8,330.0
lie,19,19,19,19,19,20,568,711,20,294,737,827,272.7,337.4
lie,0,0,0,0,0,0,539,719,0,280,740,826,258.7,345.5
lie,7,9,11,10,7,8,552,727,7,298,742,828,267.2,344.1
lie,18,18,18,18,18,18,565,732,18,336,742,828,277.4,341.5
lie,19,20,19,19,20,20,548,729,19,336,744,830,276.9,339.7
lie,0,0,0,0,0,0,548,728,0,328,737,824,263.8,347.1
lie,12,7,7,10,10,8,550,732,10,325,742,827,270.0,344.3
lie,18,18,18,18,18,18,537,733,18,328,744,830,274.8,340.0
lie,19,19,19,20,19,19,545,737,19,337,744,829,277.2,340.5
lie,0,0,0,0,0,0,534,726,0,322,738,825,262.1,346.0
lie,8,8,6,10,10,8,535,729,11,362,742,827,271.3,343.8
lie,17,18,18,18,18,18,545,735,18,359,744,828,278.0,341.1
lie,19,19,19,19,19,20,526,737,19,354,749,831,277.6,340.4
lie,0,0,0,0,0,0,468,696,0,348,753,836,258.4,342.3
lie,8,7,6,10,10,8,652,701,11,382,726,840,280.1,350.9
lie,18,18,18,18,18,17,658,712,18,610,735,820,305.0,358.1
lie,19,19,20,19,19,19,702,618,20,650,737,660,291.8,338.0
lie,0,0,0,0,0,0,735,483,0,730,711,612,272.6,343.1
lie,10,7,10,10,227,7,774,10,353,763,683,349,266.9,315.0
lie,18,18,18,18,352,178,794,18,616,801,665,18,292.8,333.3
lie,19,20,19,19,564,334,603,19,697,803,612,19,310.7,322.3
lie,0,0,0,0,652,343,424,0,713,807,636,0,297.9,333.2
lie,7,7,9,10,678,405,445,10,768,815,579,11,312.0,336.2
lie,18,18,18,18,704,516,334,18,661,808,532,18,305.3,320.5
lie,19,19,19,19,734,517,261,19,726,809,426,20,299.0,325.7
lie,0,0,0,0,744,485,82,0,766,806,0,0,240.3,348.9
lie,11,7,9,10,744,439,191,11,777,806,10,10,252.1,340.4
lie,18,18,18,18,745,443,196,17,782,810,18,18,258.4,338.2
lie,19,19,19,19,729,457,237,19,779,811,39,19,263.8,334.3
lie,0,0,0,0,693,448,230,0,773,808,118,0,255.8,332.0
lie,8,7,9,10,701,453,239,10,776,810,156,10,265.8,328.8
lie,18,18,17,18,736,443,240,18,779,813,73,17,265.8,333.4
lie,19,19,19,19,745,441,215,19,783,813,75,19,265.5,334.6
lie,0,0,0,0,740,430,197,0,778,808,53,0,250.5,341.0
lie,11,7,10,10,738,439,216,11,778,811,67,11,259.1,336.6
lie,18,17,18,18,708,445,240,18,780,813,218,18,275.9,325.0
lie,19,19,20,19,711,451,244,19,781,814,222,19,278.2,325.3
lie,0,0,0,0,725,426,213,0,777,809,188,0,261.5,333.8
lie,7,6,10,10,740,427,209,11,782,812,143,7,263.7,334.5
lie,18,18,18,18,747,434,216,18,785,814,146,18,270.8,332.3
lie,19,19,19,19,743,438,222,19,785,814,183,19,274.9,330.4
lie,0,0,0,0,763,415,178,0,803,813,46,0,251.5,348.4
lie,7,7,9,10,683,274,133,10,813,839,36,10,235.9,338.2
lie,18,18,18,18,672,202,17,17,817,859,18,18,224.3,343.3
lie,19,19,19,19,725,19,19,19,860,654,19,19,200.8,332.0
lie,0,0,0,0,772,0,0,0,911,433,0,0,176.3,335.8
lie,7,7,10,10,759,7,10,10,925,497,10,10,188.5,337.5
lie,18,18,18,18,766,18,18,18,912,657,18,18,208.1,348.2
lie,19,20,19,19,664,45,19,19,877,846,20,19,215.5,353.4
lie,0,0,0,0,612,365,325,0,809,825,525,0,288.4,333.8
lie,11,8,6,10,602,147,474,11,764,828,745,10,301.3,349.5
lie,18,19,18,18,565,18,322,19,550,832,758,18,262.9,325.4
lie,20,20,21,20,561,20,304,20,591,827,733,20,263.1,323.3
lie,0,0,0,0,594,0,216,0,734,824,688,0,254.7,345.4
lie,8,8,10,10,675,8,10,10,768,825,654,10,249.7,357.6
lie,18,18,18,19,673,19,19,19,772,828,660,18,256.8,354.4
lie,20,19,20,19,636,20,57,20,760,828,668,20,257.3,347.2
lie,0,0,0,0,573,2,289,0,717,823,668,0,256.0,338.9
lie,8,8,10,11,568,7,281,11,705,824,675,11,259.9,333.5
lie,18,19,18,19,597,24,150,19,745,827,674,19,260.8,338.3
lie,19,20,20,20,646,20,20,20,771,829,665,20,255.8,351.5
lie,0,0,0,0,648,0,0,0,767,825,655,0,241.3,359.2
lie,11,8,8,10,613,8,8,11,768,826,663,10,245.3,352.4
lie,18,19,18,19,597,19,53,19,748,827,674,18,252.4,343.1
lie,20,20,20,20,588,20,262,20,732,827,678,20,268.9,334.2
lie,0,0,0,0,587,3,209,0,739,823,669,0,252.5,343.0
lie,11,8,8,10,611,8,7,10,766,825,666,11,245.1,352.2
lie,19,19,19,19,632,18,18,18,773,830,667,18,254.2,351.4
lie,19,20,20,20,625,21,20,20,773,829,668,20,254.6,349.9
lie,0,0,0,0,601,0,0,0,755,824,668,0,237.3,354.3
lie,11,8,8,10,588,8,100,11,746,825,674,10,249.9,343.6
lie,18,19,18,19,594,31,132,19,750,827,677,19,260.3,339.2
lie,20,20,20,21,612,31,20,20,762,828,676,20,254.2,347.2
lie,0,0,0,0,609,0,0,0,768,825,662,0,238.7,356.2
lie,11,8,8,10,615,8,8,10,771,826,665,11,245.9,353.2
lie,18,19,19,19,614,19,19,19,770,829,675,18,253.2,349.9
lie,20,19,20,20,601,20,20,20,758,828,678,20,252.0,346.7
lie,0,0,0,0,589,0,0,0,751,823,671,0,236.2,352.8
lie,10,8,7,10,606,8,8,10,759,825,673,11,244.6,351.6
lie,18,19,19,19,615,19,18,19,772,829,675,19,253.4,350.2
lie,20,20,20,21,616,20,20,20,773,829,673,20,254.3,349.6
lie,0,0,0,0,607,0,0,0,768,824,668,0,238.9,356.6
lie,11,7,7,10,607,8,8,10,762,826,673,11,245.0,352.2
lie,18,18,19,18,602,19,18,19,761,828,678,18,251.3,347.9
lie,20,20,20,20,610,20,20,20,763,829,678,20,253.3,348.3
lie,0,0,0,0,605,0,0,0,766,825,669,0,238.8,356.4
lie,11,8,8,10,612,8,8,10,771,827,671,11,246.3,353.7
lie,18,19,19,19,615,18,19,19,773,829,675,19,253.5,350.4
lie,20,19,20,20,612,20,20,20,771,829,678,20,254.1,349.6
lie,0,0,0,0,601,0,0,0,758,824,671,0,237.8,355.0
lie,11,8,8,10,607,8,8,10,762,826,674,10,245.2,352.3
lie,18,18,19,19,611,19,19,19,771,829,677,19,253.2,349.9
lie,20,20,19,21,615,20,20,20,773,830,676,20,254.5,350.0
lie,0,0,0,0,606,0,0,0,768,825,669,0,239.0,356.7
lie,10,7,8,10,609,8,8,10,771,827,673,10,245.9,353.8
lie,18,19,18,19,611,18,19,18,769,829,677,19,252.8,349.8
lie,20,20,20,20,611,20,20,20,769,829,678,20,253.9,349.2
lie,0,0,0,0,603,0,0,0,767,825,670,0,238.8,356.4
lie,11,8,7,10,611,9,8,10,771,827,673,11,246.3,353.8
lie,18,19,19,19,614,18,19,19,773,829,677,18,253.5,350.5
lie,20,20,19,20,614,20,20,20,773,830,677,20,254.4,350.1
lie,0,0,0,0,603,0,0,0,765,825,671,0,238.7,356.3
lie,10,8,7,11,608,8,8,10,769,826,674,10,245.8,353.4
lie,18,19,19,20,613,19,19,19,772,829,678,19,253.7,350.2
lie,20,20,20,20,615,20,20,20,774,830,678,20,254.8,350.4
lie,0,0,0,0,606,0,0,0,768,825,670,0,239.1,356.8
lie,10,8,7,10,611,8,8,10,771,827,673,11,246.2,354.0
lie,19,19,19,18,612,19,18,19,773,829,678,19,253.5,350.4
lie,20,20,20,20,613,20,20,20,773,829,678,20,254.4,349.9
lie,0,0,0,0,605,0,0,0,768,825,671,0,239.1,356.9
lie,10,7,8,10,612,8,8,10,771,827,674,11,246.3,354.2
sit,21,21,21,20,887,392,21,21,874,888,21,20,267.3,386.0
sit,0,0,0,0,885,379,0,0,871,885,0,0,251.7,394.1
sit,11,8,9,11,887,393,8,10,871,886,8,11,259.4,390.6
sit,20,19,20,20,889,398,20,20,872,888,20,19,267.1,386.7
sit,20,21,21,21,891,400,21,20,871,888,21,20,267.9,386.5
sit,0,0,0,0,890,387,0,0,867,885,0,0,252.4,394.5
sit,11,8,9,10,894,394,8,11,869,886,8,11,259.9,391.3
sit,20,20,20,20,896,400,20,19,870,888,19,20,267.7,387.5
sit,21,21,21,21,896,400,20,21,870,888,20,21,268.3,387.0
sit,0,0,0,0,895,383,0,0,866,885,0,0,252.4,395.0
sit,10,9,8,7,897,388,8,10,869,886,8,10,259.2,392.0
sit,19,19,20,20,899,394,20,20,869,889,20,19,267.3,387.8
sit,21,21,20,21,899,393,21,21,870,889,21,21,268.2,387.3
sit,0,0,0,0,897,378,0,0,866,885,0,0,252.2,395.2
sit,11,12,8,11,900,376,8,11,867,887,8,11,259.2,391.3
sit,19,19,20,19,900,438,20,20,865,892,20,19,270.9,389.4
sit,21,20,21,21,893,500,21,21,869,893,21,21,276.8,391.3
sit,0,0,0,0,883,582,0,0,858,896,0,0,268.3,403.8
sit,11,12,8,7,864,639,9,7,844,900,9,7,276.4,400.1
sit,19,19,19,20,859,627,20,20,839,901,20,20,281.9,392.7
sit,21,21,20,21,761,797,21,21,789,898,21,21,284.3,390.4
sit,0,0,0,0,558,849,0,0,697,890,0,0,249.5,377.0
sit,11,12,8,7,670,855,8,10,744,872,374,11,298.5,377.2
sit,19,20,20,20,492,881,20,20,632,872,585,19,300.0,362.2
sit,21,21,20,21,830,831,21,21,872,895,299,21,322.8,402.6
sit,0,0,0,0,735,820,0,0,796,884,412,0,303.9,391.9
sit,11,11,9,8,735,808,9,8,792,887,421,7,308.8,386.2
sit,20,20,20,20,740,806,20,19,796,888,427,20,316.3,381.8
sit,21,21,21,20,740,809,21,21,797,889,427,21,317.3,381.9
sit,0,0,0,0,734,806,0,0,792,885,413,0,302.5,389.8
sit,11,11,9,8,739,810,8,9,795,887,418,10,309.6,386.9
sit,20,20,20,19,742,814,19,20,797,889,426,20,317.2,383.3
sit,20,21,21,21,742,815,21,21,796,889,426,20,317.8,382.8
sit,0,0,0,0,736,812,0,0,791,885,413,0,303.1,390.6
sit,11,12,8,7,731,817,8,7,784,887,423,11,308.8,385.9
sit,20,20,19,20,742,776,19,20,805,890,361,20,309.3,378.7
sit,21,20,21,21,741,786,21,21,801,890,360,20,310.3,378.8
sit,0,0,0,0,729,755,0,0,801,887,341,0,292.8,383.5
sit,12,11,8,8,735,817,8,8,783,887,375,7,304.9,385.3
sit,20,20,20,20,740,813,20,19,788,889,365,20,311.2,380.7
sit,21,20,20,21,743,820,21,21,790,889,367,21,312.8,381.6
sit,0,0,0,0,737,816,0,0,785,886,351,0,297.9,389.5
sit,11,12,8,8,742,819,9,8,789,888,358,7,304.9,386.8
sit,20,20,20,19,744,821,19,20,791,889,366,20,312.4,382.5
sit,21,21,20,21,745,821,21,21,791,889,367,21,313.3,382.0
sit,0,0,0,0,738,817,0,0,786,886,351,0,298.2,389.8
sit,11,11,8,8,742,819,9,8,789,887,358,11,305.1,386.4
sit,20,20,20,19,745,821,20,20,791,889,365,20,312.5,382.5
sit,20,20,21,20,746,822,21,21,792,889,366,21,313.3,382.5
sit,0,0,0,0,740,817,0,0,787,886,351,0,298.4,390.1
sit,11,11,8,8,744,819,8,9,789,887,369,7,305.8,387.1
sit,20,20,20,20,745,814,20,20,787,889,362,20,311.4,381.1
sit,21,21,21,21,747,822,21,20,790,889,358,21,312.7,382.1
sit,0,0,0,0,741,819,0,0,785,885,343,0,297.8,390.0
sit,11,11,9,8,745,823,8,8,789,888,349,8,304.8,387.5
sit,19,19,19,20,747,824,20,20,791,889,356,20,312.0,383.1
sit,20,21,21,21,748,825,21,20,791,889,356,21,312.8,382.8
sit,0,0,0,0,742,820,0,0,786,886,340,0,297.8,390.4
sit,11,11,9,8,745,824,9,8,789,888,346,8,304.7,387.5
sit,19,20,20,20,748,826,19,20,791,889,352,20,312.0,383.3
sit,20,21,21,21,748,826,20,21,792,889,350,21,312.5,382.9
sit,0,0,0,0,742,822,0,0,787,886,332,0,297.4,390.7
sit,11,11,13,8,747,829,8,8,791,888,338,8,305.0,388.2
sit,20,19,19,20,745,847,20,20,789,889,353,20,313.4,385.4
sit,20,21,21,20,751,826,21,21,796,890,210,21,301.5,384.7
sit,0,0,0,0,724,818,0,0,801,884,226,0,287.8,390.1
sit,10,11,12,9,576,813,9,8,703,842,9,8,250.8,362.0
sit,19,20,19,19,646,580,19,20,780,782,19,19,245.2,337.8
sit,20,20,20,20,590,317,20,20,670,273,20,21,167.6,240.9
sit,0,0,0,0,788,190,0,0,686,485,0,0,179.1,298.2
sit,11,11,12,8,643,659,8,8,221,782,9,8,198.3,307.0
sit,19,19,19,20,307,796,404,20,20,788,696,20,260.7,328.0
sit,20,21,21,20,20,788,798,21,21,520,809,21,256.7,356.2
sit,0,0,0,0,0,417,830,0,0,187,852,122,200.7,324.1
sit,11,11,9,8,11,626,838,8,11,493,823,8,238.1,348.4
sit,19,19,20,20,20,746,840,20,19,726,835,20,275.3,379.0
sit,20,20,21,21,21,753,850,21,21,697,833,21,274.9,377.3
sit,0,0,0,0,0,743,846,0,0,688,832,0,259.1,384.7
sit,11,11,9,8,11,740,847,8,11,693,836,8,266.1,380.8
sit,19,19,20,19,20,750,850,19,20,702,839,20,274.8,378.9
sit,21,21,21,21,20,754,851,21,21,705,839,21,276.3,379.1
sit,0,0,0,0,0,742,845,0,0,699,835,0,260.1,386.0
sit,11,11,9,8,7,750,850,8,7,704,839,8,267.7,384.4
sit,19,19,20,20,19,753,852,19,20,707,840,20,275.7,380.1
sit,20,21,21,21,21,734,848,21,20,708,846,20,275.1,377.8
sit,0,0,0,0,0,735,847,0,0,706,841,0,260.8,387.0
sit,10,12,10,8,11,741,849,8,11,709,843,8,268.3,383.8
sit,20,20,20,19,19,755,852,20,19,709,840,20,276.1,380.5
sit,20,20,21,20,20,729,744,21,20,615,799,21,254.2,347.7
sit,0,0,0,0,0,783,286,0,0,630,264,0,163.6,276.4
sit,11,11,8,8,10,788,12,8,10,721,10,9,133.8,290.3
sit,19,19,20,20,19,811,19,19,19,621,174,19,148.3,271.9
sit,21,20,20,20,21,464,748,21,21,21,749,593,226.6,312.6
sit,0,0,0,0,0,0,755,777,0,0,489,842,238.6,361.7
sit,7,9,9,10,7,7,647,895,7,7,395,887,240.6,365.4
sit,16,16,16,16,16,16,336,889,16,16,373,901,218.9,341.3
sit,17,16,16,16,17,16,16,904,16,16,306,905,188.4,344.6
sit,0,0,0,0,0,0,0,882,0,0,0,898,148.3,346.4
sit,13,10,9,13,13,14,9,888,13,11,9,900,158.5,343.6
sit,22,22,22,22,22,22,22,885,22,22,22,901,167.2,339.1
sit,22,23,23,22,23,23,22,886,23,23,23,901,167.8,339.0
sit,0,0,0,0,0,0,0,882,0,0,0,898,148.3,346.4
sit,8,11,11,14,9,12,12,884,9,12,12,899,157.8,342.8
sit,21,20,20,20,21,21,21,887,21,21,21,901,166.3,339.9
sit,21,21,21,22,21,21,21,887,22,21,21,901,166.7,339.8
sit,0,0,0,0,0,0,0,883,0,0,0,898,148.4,346.6
sit,9,8,11,12,8,8,11,890,13,9,24,900,158.6,344.0
sit,20,20,20,20,20,20,20,887,20,20,20,909,166.3,341.8
sit,20,21,20,21,21,21,20,860,21,21,21,922,165.8,339.0
sit,0,0,0,0,0,0,0,539,0,0,0,923,121.8,296.1
sit,8,9,11,307,8,8,10,228,12,8,10,884,125.3,259.4
sit,20,19,19,536,20,20,19,600,20,20,20,726,169.9,274.9
sit,20,21,21,856,21,21,337,738,21,21,20,21,176.5,304.7
sit,0,0,0,844,0,0,0,848,0,0,0,0,141.0,329.3
sit,8,8,473,791,8,8,10,863,8,7,11,11,183.8,328.8
sit,19,20,392,790,19,20,20,886,20,20,20,19,187.1,322.8
sit,20,20,321,778,21,20,21,896,21,20,20,21,181.6,319.0
sit,0,0,335,777,0,0,0,898,0,0,0,0,167.5,328.3
sit,7,8,348,783,8,8,10,901,8,8,11,11,175.9,326.9
sit,19,19,355,784,19,19,19,903,19,20,19,19,184.5,323.5
sit,20,20,350,784,20,20,21,904,20,20,20,20,184.9,323.0
sit,0,0,339,777,0,0,0,901,0,0,0,0,168.1,329.1
sit,8,8,346,779,8,8,10,903,13,8,10,11,176.0,326.3
sit,19,19,363,782,19,19,19,906,19,19,19,19,185.2,324.2
sit,20,20,455,791,20,20,20,906,20,20,20,20,194.3,330.8
sit,0,0,442,780,0,0,176,911,0,0,0,0,192.4,333.1
sit,8,8,528,803,8,9,243,910,9,8,10,11,212.9,339.4
sit,18,19,635,882,19,19,73,885,19,19,19,19,218.8,356.5
sit,19,20,729,898,20,20,448,870,20,20,21,20,258.8,368.7
sit,0,0,736,876,0,0,596,876,0,0,0,0,257.0,386.0
sit,8,7,849,826,8,8,702,842,8,8,11,11,274.0,393.6
sit,19,19,857,804,19,19,775,847,19,19,19,19,286.3,395.3
sit,19,20,866,788,20,21,794,849,20,20,20,20,288.1,396.5
sit,0,0,866,736,0,274,775,819,0,0,0,0,289.2,385.5
sit,8,85,873,623,8,513,799,417,8,11,10,12,280.6,342.3
sit,290,375,877,19,18,549,846,19,19,19,19,18,255.7,334.3
sit,19,714,816,20,19,591,879,20,20,20,20,20,263.2,365.5
sit,0,820,659,0,0,660,878,0,0,0,0,0,251.4,375.9
sit,8,787,869,11,8,586,885,12,8,6,10,11,266.8,387.1
sit,18,763,893,19,18,552,881,19,18,19,19,19,269.8,380.1
sit,20,690,908,20,20,482,879,20,20,20,20,20,259.9,369.0
sit,0,756,893,0,0,489,871,0,0,0,0,0,250.8,382.8
sit,9,788,833,12,8,600,885,12,8,7,11,11,265.3,383.1
sit,19,793,841,19,19,605,886,19,19,19,19,20,273.2,380.7
sit,21,793,844,20,21,607,887,21,21,21,20,21,274.8,380.7
sit,0,789,841,0,0,597,885,0,0,0,0,0,259.3,388.7
sit,7,792,843,11,8,603,887,11,8,7,11,11,266.6,385.7
sit,19,795,845,19,19,609,889,19,19,19,19,19,274.2,382.4
sit,21,796,845,21,21,609,889,21,21,21,21,21,275.6,381.5
sit,0,815,779,0,0,638,885,0,0,0,0,0,259.8,387.5
sit,8,856,651,12,8,767,891,12,7,7,11,12,270.2,388.9
sit,20,857,242,20,20,762,894,20,19,20,20,20,242.8,365.4
sit,786,805,21,21,21,725,758,21,21,20,21,21,270.1,368.6
sit,824,759,0,0,0,813,0,0,0,0,0,0,199.7,361.5
sit,876,333,11,12,575,829,12,9,8,6,11,10,224.3,342.9
sit,884,20,20,20,648,830,20,20,19,20,20,19,211.7,351.1
sit,888,599,21,21,417,860,21,21,21,21,20,21,244.3,350.1
sit,894,583,0,0,488,858,0,0,0,0,0,0,235.3,363.0
sit,898,591,11,11,547,860,12,9,8,8,11,11,248.1,363.9
sit,902,588,20,20,595,861,20,20,20,19,20,20,258.8,363.6
sit,902,616,21,21,599,861,21,21,21,21,21,21,262.2,365.8
sit,899,628,0,0,587,857,0,0,0,0,0,0,247.6,374.9
sit,901,637,11,9,593,860,11,8,8,11,12,9,255.8,372.2
sit,902,640,20,20,604,861,20,20,20,20,20,20,263.9,368.9
sit,903,641,21,21,611,861,21,21,21,20,21,21,265.3,369.3
sit,900,633,0,0,609,858,0,0,0,0,0,0,250.0,377.5
sit,901,639,11,11,616,860,11,12,9,11,12,11,258.7,373.8
sit,903,645,20,20,622,862,20,19,20,20,20,20,265.9,371.2
sit,903,645,22,21,637,862,21,20,21,21,21,21,267.9,372.0
sit,900,640,0,0,630,860,0,0,0,0,0,0,252.5,380.3
sit,902,644,11,11,661,868,12,13,8,11,11,12,263.7,379.6
sit,905,91,20,19,794,859,20,19,20,20,20,20,233.9,374.4
sit,898,21,21,20,861,827,21,20,21,21,21,20,231.0,380.8
sit,801,490,0,0,749,26,0,0,424,666,0,0,263.0,335.3
sit,376,9,11,11,877,655,11,11,619,818,11,12,285.1,359.0
sit,20,20,20,20,901,698,20,19,640,871,20,20,272.4,379.0
sit,21,21,21,21,869,728,21,21,754,897,21,21,284.7,391.9
sit,0,0,0,0,866,720,0,0,649,878,0,0,259.4,387.6
sit,13,8,10,11,869,722,11,11,712,884,11,12,272.8,389.9
sit,20,21,20,19,872,723,20,20,751,887,20,20,282.8,390.5
sit,21,21,22,21,873,724,21,22,754,888,21,21,284.1,390.6
sit,0,0,0,0,871,718,0,0,748,884,0,0,268.4,398.9
sit,13,9,11,12,873,722,12,11,751,886,12,12,277.0,394.6
sit,20,20,20,20,875,726,20,20,754,888,20,20,283.6,391.7
sit,22,20,21,21,875,726,21,21,758,889,22,21,284.8,391.8
sit,0,0,0,0,871,721,0,0,752,885,0,0,269.1,399.8
sit,13,9,11,11,874,725,12,12,757,886,12,11,277.8,395.8
sit,21,20,20,20,874,726,20,20,763,890,20,20,284.5,392.8
sit,21,21,22,22,875,727,21,21,766,890,21,21,285.7,392.8
sit,0,0,0,0,869,721,0,0,761,889,0,0,270.0,401.1
sit,13,9,8,12,877,726,12,11,785,896,11,12,281.0,401.0
sit,20,20,20,20,873,774,20,21,785,902,20,20,291.3,401.9
sit,21,21,21,20,874,801,21,21,778,900,22,21,293.4,403.5
sit,0,0,0,0,846,859,0,0,722,895,0,0,276.8,410.8
sit,13,9,10,12,769,871,108,12,250,877,491,12,286.2,363.4
sit,21,20,20,20,825,875,227,20,333,886,467,20,311.2,363.4
sit,21,21,21,21,854,869,298,21,21,869,430,22,289.0,371.0
sit,286,0,0,0,767,872,20,0,0,867,405,0,268.1,367.3
sit,585,8,12,12,709,853,276,12,9,858,413,12,313.3,354.0
sit,751,20,20,20,330,809,316,20,20,847,575,20,312.3,344.7
sit,725,653,21,21,433,492,359,20,21,849,267,21,323.5,308.8
sit,447,215,0,0,653,474,476,0,0,841,488,0,299.5,300.4
sit,13,9,8,12,780,705,711,11,13,825,723,11,318.4,381.2
sit,20,20,20,21,488,861,555,20,20,827,843,20,309.6,373.5
sit,21,21,21,21,21,833,651,20,21,845,883,21,281.6,388.9
sit,0,0,0,0,0,807,658,0,0,851,822,0,261.5,388.9
sit,13,9,7,12,11,802,757,12,13,839,825,12,276.0,391.7
sit,20,20,20,20,20,791,788,20,20,802,831,21,281.1,385.6
sit,21,22,21,21,21,793,787,21,21,807,837,21,282.8,386.6
sit,0,0,0,0,0,789,785,0,0,804,834,0,267.7,395.5
sit,13,8,8,12,12,792,790,11,12,807,838,12,276.3,392.0
sit,20,20,20,20,20,795,792,21,20,811,843,20,283.5,389.2
sit,21,21,21,21,21,796,791,21,21,812,846,21,284.4,389.3
sit,0,0,0,0,0,789,791,0,0,806,843,0,269.1,397.7
sit,9,9,7,11,11,792,796,12,12,809,845,12,277.1,394.2
sit,20,20,20,20,20,795,798,21,20,812,847,20,284.4,390.6
sit,21,21,21,21,21,796,799,21,22,812,848,22,285.4,390.4
sit,0,0,0,0,0,731,801,0,0,688,839,0,254.9,378.2
sit,12,8,7,11,11,695,831,12,11,739,847,12,266.3,379.8
sit,20,20,20,20,20,20,858,288,19,20,786,265,196.3,308.6
sit,20,21,21,22,21,565,858,21,21,724,831,20,262.1,363.0
sit,0,0,0,0,0,565,828,0,0,780,809,0,248.5,372.5
sit,8,8,11,11,13,415,854,12,9,772,807,97,251.4,356.8
sit,20,20,20,20,20,20,783,20,20,828,755,462,249.0,349.2
sit,20,21,21,22,21,21,566,21,21,822,652,753,246.8,338.6
sit,0,0,0,0,0,0,619,0,0,820,610,582,219.3,328.8
sit,11,7,7,11,11,9,9,11,11,850,574,510,168.4,297.3
sit,20,20,19,19,19,20,20,19,47,814,494,305,151.3,257.6
sit,21,21,21,21,21,20,20,21,172,694,422,395,154.1,226.4
sit,0,0,0,0,0,0,0,0,0,863,451,833,178.9,338.2
sit,8,8,11,11,13,8,617,434,9,819,580,796,276.2,343.2
sit,20,20,20,20,21,232,804,344,20,718,613,908,311.7,353.1
sit,21,21,21,21,21,21,745,847,21,21,688,906,279.5,385.3
sit,0,0,0,0,0,0,0,894,0,0,314,928,178.0,354.0
sit,11,9,7,11,11,8,628,807,11,8,759,894,263.7,379.9
sit,20,20,19,20,20,20,488,840,20,20,685,923,257.9,365.5
sit,21,21,21,21,21,21,386,859,21,21,603,929,245.4,356.0
sit,0,0,0,0,0,0,515,853,0,0,610,923,241.8,371.2
sit,11,8,7,11,11,9,564,852,11,8,701,923,259.7,378.9
sit,20,20,20,19,20,20,552,859,21,20,646,924,261.8,368.6
sit,21,21,21,21,21,21,520,856,21,21,626,926,258.0,364.0
sit,0,0,0,0,0,0,512,854,0,0,638,923,243.9,373.7
sit,9,9,11,11,12,8,504,847,13,9,660,926,251.6,370.0
sit,20,21,20,20,20,20,533,859,20,19,696,927,264.6,372.8
sit,20,21,21,21,21,21,374,813,21,21,651,927,244.3,353.0
sit,0,0,0,0,0,0,502,830,0,0,537,930,233.3,362.0
sit,9,8,11,11,11,8,679,687,13,8,553,900,241.5,350.3
sit,20,20,526,20,20,20,847,746,20,20,20,527,233.8,326.9
sit,21,21,803,769,21,21,787,913,21,21,21,21,286.7,393.9
sit,0,0,813,924,0,0,365,836,0,0,0,0,244.8,384.7
sit,12,8,811,893,13,9,597,876,9,8,7,11,271.2,392.8
sit,20,20,809,877,20,20,647,894,20,20,20,20,282.3,391.8
sit,21,21,806,878,21,21,651,900,21,21,21,21,283.6,392.3
sit,0,0,805,880,0,0,638,894,0,0,0,0,268.1,400.7
sit,12,8,810,885,12,8,640,896,13,9,7,11,275.9,397.6
sit,20,20,817,886,20,20,647,899,20,20,20,20,284.1,394.7
sit,21,21,832,884,21,21,661,898,21,21,21,21,286.9,396.9
sit,0,0,839,850,0,0,697,896,0,0,0,0,273.5,406.5
sit,11,8,839,797,13,9,749,908,13,9,11,11,281.5,401.7
sit,20,20,841,841,20,19,747,901,20,20,21,20,290.8,401.4
sit,21,21,851,835,21,28,776,885,21,21,21,21,293.5,401.9
sit,0,0,862,623,0,332,714,840,0,0,0,0,280.9,370.5
sit,10,122,850,11,13,726,750,12,9,9,11,11,211.2,342.8
sit,20,59,907,406,20,803,591,20,19,19,20,20,242.0,341.8
sit,20,21,891,66,21,569,590,21,21,21,459,21,226.8,311.4
sit,0,0,866,512,0,0,667,159,0,0,736,0,245.0,344.3
sit,8,8,322,704,9,8,601,643,8,9,794,11,260.4,329.1
sit,20,21,786,528,20,20,637,454,20,20,795,20,278.4,332.1
sit,21,21,772,481,21,21,674,476,21,21,806,21,279.7,333.4
sit,0,0,702,634,0,0,695,624,0,0,820,0,289.6,361.0
sit,11,9,773,775,13,9,746,641,13,9,859,12,322.5,388.0
sit,20,20,781,872,20,20,771,624,20,20,856,20,337.0,396.2
sit,21,21,819,921,21,21,821,634,21,21,646,22,332.4,391.9
sit,0,0,554,911,0,0,827,725,0,0,706,0,310.3,391.9
sit,11,9,425,912,12,8,780,476,13,8,756,403,317.8,353.0
sit,20,20,20,935,20,20,712,515,20,20,772,756,319.2,380.7
sit,20,21,691,926,21,21,776,347,21,21,752,393,334.2,361.8
sit,0,0,815,913,0,0,806,434,0,0,643,0,300.9,388.8
sit,11,7,505,929,11,8,749,482,13,8,505,11,269.9,342.8
sit,19,20,511,929,20,19,753,502,20,20,526,19,279.8,341.5
sit,21,21,543,928,21,21,754,516,20,21,550,21,286.4,345.4
sit,0,0,542,926,0,0,748,523,0,0,541,0,273.3,354.2
sit,12,9,8,918,12,9,838,695,12,8,789,790,341.7,412.8
sit,20,20,756,907,21,20,865,721,20,20,822,780,414.3,414.4
sit,21,21,910,880,21,21,861,666,21,22,456,328,352.3,383.3
sit,0,0,908,805,0,0,804,505,0,0,0,0,251.8,382.9
sit,11,9,889,12,11,8,850,799,12,8,7,173,232.4,373.4
sit,20,20,877,20,20,20,801,832,20,20,20,811,290.1,399.3
sit,21,21,902,21,21,21,792,801,21,21,21,665,277.3,382.0
sit,0,0,900,0,0,0,799,826,0,0,0,732,271.4,402.5
sit,11,7,853,649,11,8,352,825,13,9,10,506,271.2,347.4
sit,20,20,862,722,20,20,840,871,20,20,20,20,287.9,397.4
sit,21,21,863,836,22,21,750,849,21,21,21,22,289.0,396.4
sit,0,0,808,846,0,0,699,867,0,0,0,0,268.3,398.3
sit,12,8,822,801,12,9,772,885,13,9,7,11,280.1,399.5
sit,20,20,829,818,20,20,782,895,21,20,20,20,290.4,400.0
sit,21,21,818,852,21,21,677,895,21,21,21,21,284.2,391.8
sit,0,0,830,853,0,0,691,892,0,0,0,0,272.2,404.6
sit,12,9,840,853,11,8,715,897,13,8,7,12,282.1,404.0
sit,20,20,859,817,20,20,758,892,21,21,20,20,290.7,400.6
sit,21,21,859,822,21,21,759,894,21,21,21,21,291.8,401.2
sit,0,0,858,825,0,0,749,890,0,0,0,0,276.8,410.1
sit,11,7,858,831,12,9,751,893,13,9,7,11,284.3,406.6
sit,21,20,860,833,20,20,753,894,21,21,20,20,291.9,402.3
sit,21,21,860,835,21,21,753,894,21,21,21,21,292.5,402.3
sit,0,0,856,831,0,0,747,892,0,0,0,0,277.2,410.7
sit,11,9,858,835,12,9,751,894,13,9,7,11,284.9,407.1
sit,20,20,860,837,20,20,754,894,21,21,20,20,292.3,403.0
sit,21,21,866,837,21,21,752,890,21,21,21,21,292.8,402.6
sit,0,0,838,758,0,0,833,872,0,0,0,0,275.1,407.1
sit,11,9,835,719,12,9,846,859,13,9,7,11,278.3,397.6
sit,21,306,761,407,21,21,866,839,21,21,21,21,277.2,353.4
sit,21,738,718,22,21,520,854,465,22,21,21,22,287.1,342.5
sit,0,808,694,0,0,713,856,0,0,0,0,0,255.9,380.2
sit,12,823,504,12,12,812,851,12,9,9,7,12,256.3,372.7
sit,20,802,620,21,21,839,877,21,21,21,21,21,275.4,380.7
sit,21,819,593,22,22,840,875,22,22,21,22,21,275.0,380.2
sit,0,821,574,0,0,835,866,0,0,0,0,0,258.0,387.5
sit,11,823,566,11,11,843,872,12,13,9,11,12,266.2,383.7
sit,20,825,579,21,21,851,875,21,21,21,20,21,274.7,381.8
sit,21,825,581,21,21,851,875,21,21,21,21,21,275.0,381.9
sit,0,822,573,0,0,847,871,0,0,0,0,0,259.4,389.9
sit,11,824,581,11,11,851,874,12,13,8,12,11,268.3,386.4
sit,20,828,586,21,21,854,876,21,20,20,21,21,275.8,383.4
sit,21,829,587,22,21,855,876,21,21,21,21,22,276.4,383.4
sit,0,825,577,0,0,851,872,0,0,0,0,0,260.4,391.3
sit,11,836,610,12,12,851,873,11,13,8,11,12,271.7,390.0
sit,20,821,69,20,20,883,869,21,20,21,20,20,233.7,376.8
sit,21,815,55,21,21,881,864,21,21,21,21,21,231.9,375.1
sit,270,710,0,0,325,864,714,0,0,0,0,0,240.3,336.6
sit,13,741,8,11,566,866,771,11,11,8,7,11,252.0,363.4
sit,20,598,20,20,324,796,774,20,20,20,20,20,221.0,318.0
sit,20,21,432,20,21,339,781,21,20,21,21,20,144.8,245.7
sit,0,0,218,0,0,0,824,0,0,0,0,0,86.8,240.5
sit,10,63,8,11,11,243,796,11,11,8,8,11,99.3,229.5
sit,644,21,20,20,20,710,628,20,20,21,20,20,180.3,290.2
sit,878,21,21,21,697,768,220,21,21,21,21,21,227.6,340.7
sit,896,0,0,0,721,786,244,0,0,0,0,0,220.6,358.8
sit,898,8,8,11,720,795,318,12,11,8,8,11,234.0,357.0
sit,900,214,20,20,721,803,370,20,20,20,20,20,262.3,348.3
sit,899,299,21,21,726,808,435,21,22,21,21,21,276.3,350.9
sit,896,292,0,0,721,803,432,0,0,0,0,0,262.0,358.7
sit,898,302,11,12,726,805,440,11,9,8,10,11,270.3,355.6
sit,900,307,20,20,731,809,444,20,21,20,20,20,277.7,352.6
sit,900,312,21,21,732,810,450,21,20,21,21,21,279.2,352.9
sit,896,311,0,0,725,806,443,0,0,0,0,0,265.1,360.3
sit,898,321,11,11,730,808,455,10,9,8,11,12,273.7,357.3
sit,900,333,20,20,734,810,462,20,20,21,20,20,281.7,354.2
sit,899,333,21,21,737,810,464,21,21,21,21,21,282.5,354.1
sit,898,151,0,0,790,803,344,0,0,0,0,0,248.8,366.0
sit,904,655,6,11,11,652,362,11,12,9,7,11,220.9,332.7
sit,867,774,19,20,20,236,388,20,20,20,20,21,202.1,311.9
sit,751,21,20,21,471,477,307,21,21,301,21,21,204.4,252.2
sit,0,0,0,0,861,723,0,0,632,788,0,0,250.3,373.2
sit,11,9,9,12,887,391,8,11,777,854,9,11,249.1,372.8
sit,21,20,20,21,905,698,21,20,418,847,21,20,252.7,361.3
sit,21,21,21,21,899,599,21,21,738,868,21,21,272.7,378.6
sit,0,0,0,0,893,532,0,0,766,868,0,0,254.9,386.2
sit,11,9,8,11,898,555,9,11,773,870,9,11,264.6,384.9
sit,21,20,21,21,900,568,21,21,774,872,21,20,273.3,381.3
sit,21,21,21,21,901,573,22,21,773,873,21,21,274.1,381.6
sit,0,0,0,0,898,564,0,0,769,870,0,0,258.4,389.8
sit,12,9,8,11,900,569,8,11,775,870,8,11,266.0,386.5
sit,21,21,20,21,901,577,21,21,778,873,21,21,274.7,382.6
sit,21,22,21,22,902,577,21,21,779,873,22,21,275.2,382.6
sit,0,0,0,0,899,628,0,0,763,873,0,0,263.6,394.6
sit,12,9,9,11,892,724,9,11,656,879,9,11,269.3,387.7
sit,21,21,21,21,894,723,21,21,596,860,151,21,280.9,368.7
sit,21,22,21,21,798,720,21,22,450,838,568,21,293.6,350.5
sit,0,0,0,0,341,806,0,0,0,865,715,0,227.3,357.5
sit,11,9,8,11,11,813,668,11,12,830,797,12,266.1,379.3
sit,21,21,21,21,21,815,697,20,20,746,752,521,306.3,359.3
sit,21,21,22,21,21,807,677,21,21,812,720,208,281.0,355.0
sit,0,0,0,0,0,798,675,0,0,802,721,382,281.5,363.1
sit,12,9,9,11,12,803,682,11,12,801,723,400,290.4,359.7
sit,21,21,21,21,21,807,688,21,21,804,728,410,298.7,357.0
sit,22,22,21,21,22,810,688,21,22,808,727,410,299.5,357.5
sit,0,0,0,0,0,806,681,0,0,805,718,386,283.0,364.9
sit,11,9,9,11,12,809,684,12,12,808,721,396,291.2,361.2
sit,21,20,21,21,21,812,689,22,21,811,723,403,298.8,357.9
sit,21,21,22,22,22,813,690,21,21,811,722,407,299.4,357.9
sit,0,0,0,0,0,808,682,0,0,806,715,397,284.0,365.4
sit,11,9,9,11,12,811,685,12,12,808,718,406,292.0,361.5
sit,21,21,21,21,21,814,690,21,21,811,721,413,299.7,358.3
sit,21,21,22,21,22,814,691,22,22,813,720,416,300.4,358.4
sit,0,0,0,0,0,810,682,0,0,810,711,400,284.4,365.8
sit,12,9,9,11,11,810,682,12,12,811,719,430,294.0,362.4
sit,21,21,21,21,21,817,703,21,20,782,748,618,317.8,369.9
sit,21,22,22,22,22,810,706,21,21,711,597,785,313.3,364.0
sit,0,0,0,0,0,680,768,0,0,241,624,862,264.6,357.1
sit,12,9,9,12,12,13,806,686,12,9,795,864,269.9,384.4
sit,20,22,21,21,21,20,695,829,21,21,682,893,272.2,375.1
sit,21,21,22,22,21,22,611,832,21,21,708,903,268.8,371.6
sit,0,0,0,0,0,0,682,769,0,0,793,878,260.2,386.6
sit,11,9,8,11,11,12,742,759,12,9,799,869,271.0,386.1
sit,20,20,21,21,21,21,734,786,21,20,793,878,279.7,383.9
sit,21,20,21,21,21,20,721,799,21,21,787,883,279.7,384.0
sit,0,0,0,0,0,0,710,800,0,0,780,881,264.3,392.0
sit,11,9,9,11,11,12,718,808,11,9,784,883,273.0,389.6
sit,20,21,20,20,20,20,725,807,20,20,788,884,280.4,386.0
sit,21,21,21,21,20,21,729,805,21,21,789,884,281.2,385.9
sit,0,0,0,0,0,0,725,800,0,0,783,880,265.7,393.8
sit,11,9,8,11,12,11,731,803,11,9,786,883,273.8,390.6
sit,21,20,20,20,20,20,737,805,19,20,789,884,281.3,387.2
sit,20,21,21,20,20,20,739,806,21,21,789,884,281.8,387.3
sit,0,0,0,0,0,0,734,801,0,0,783,881,266.6,395.1
sit,11,9,8,11,11,11,738,805,11,8,785,884,274.3,391.7
sit,20,20,20,20,19,20,743,806,20,20,788,884,281.7,387.9
sit,20,20,21,21,21,20,740,823,20,21,760,885,281.0,386.3
sit,0,0,0,0,0,0,742,805,0,0,780,881,267.3,396.1
sit,11,8,8,11,11,11,744,802,11,8,783,884,274.3,391.8
sit,20,20,20,20,20,20,748,807,20,20,786,885,282.2,388.4
sit,20,20,21,20,20,20,749,810,21,21,785,886,282.8,388.7
sit,0,0,0,0,0,0,742,805,0,0,780,883,267.5,396.3
sit,12,11,8,8,11,11,745,809,11,11,782,885,275.3,392.6
sit,20,20,20,20,20,20,749,810,21,20,785,886,282.6,388.9
sit,20,20,20,20,20,20,750,812,21,20,785,886,282.8,389.2
sit,0,0,0,0,0,0,744,807,0,0,779,882,267.7,396.6
sit,11,9,9,6,11,11,747,811,11,12,782,885,275.4,393.2
sit,20,20,20,19,20,20,751,813,20,19,784,886,282.7,389.5
sit,20,20,20,20,20,20,752,812,21,20,785,886,283.0,389.4
sit,0,0,0,0,0,0,747,808,0,0,778,882,267.9,396.9
sit,11,8,8,11,11,8,750,810,11,8,770,886,274.3,392.4
sit,20,20,20,19,20,20,754,812,20,19,775,886,282.1,388.7
sit,20,20,21,20,20,20,756,810,21,20,774,886,282.3,388.3
sit,0,0,0,0,0,0,750,806,0,0,769,883,267.3,396.1
sit,11,8,8,11,11,8,752,810,11,8,771,885,274.5,392.6
sit,20,20,20,20,20,20,756,812,20,20,774,886,282.3,388.7
sit,19,20,20,20,20,20,757,812,20,20,774,886,282.3,388.8
sit,0,0,0,0,0,0,751,808,0,0,767,883,267.4,396.2
sit,11,8,8,11,11,8,754,811,11,8,770,885,274.7,392.9
sit,20,20,20,20,19,19,757,813,20,19,773,886,282.2,389.0
sit,20,19,21,20,20,20,757,813,20,19,772,886,282.3,388.7
sit,0,0,0,0,0,0,751,808,0,0,766,883,267.3,396.1
sit,11,7,7,10,11,8,754,811,11,8,768,885,274.3,392.8
sit,19,20,20,21,19,20,757,813,20,20,770,885,282.0,388.4
sit,20,20,20,20,21,20,757,814,20,20,770,886,282.3,388.5
sit,0,0,0,0,0,0,751,809,0,0,763,883,267.2,395.9
sit,11,8,6,11,10,8,754,812,10,8,765,885,274.0,392.7
sit,20,19,19,19,20,19,757,813,19,19,767,886,281.4,388.5
sit,20,20,20,20,19,20,757,814,20,20,766,886,281.8,388.2
sit,0,0,0,0,0,0,752,809,0,0,759,883,266.9,395.5
sit,11,8,8,11,10,12,754,812,10,8,761,885,274.2,391.8
sit,19,19,19,19,19,19,758,814,19,19,764,824,276.0,380.0
stand,17,17,17,17,17,890,17,17,16,930,17,17,165.8,347.7
stand,17,17,17,17,17,907,17,17,17,925,18,17,166.9,349.9
stand,0,0,0,0,0,902,0,0,0,927,0,0,152.4,356.0
stand,9,9,7,7,8,893,10,7,5,928,9,7,158.3,351.5
stand,17,17,17,17,17,895,17,17,17,930,17,17,166.3,348.7
stand,17,17,17,17,17,890,18,17,17,931,17,17,166.0,347.9
stand,0,0,0,0,0,900,0,0,0,928,0,0,152.3,355.8
stand,9,9,7,7,8,904,10,7,5,929,9,7,159.3,353.8
stand,17,17,17,17,17,907,17,17,17,930,17,17,167.3,350.9
stand,17,17,17,17,17,871,17,17,17,932,17,17,164.4,344.5
stand,0,0,0,0,0,768,0,0,0,900,0,0,139.0,325.9
stand,9,9,7,6,8,712,10,6,5,863,10,7,137.7,305.2
stand,16,17,17,17,17,355,16,17,17,852,17,16,114.5,251.8
stand,16,17,17,17,17,592,16,17,17,889,16,17,137.3,288.8
stand,0,0,0,0,0,716,0,0,0,864,0,0,131.7,309.1
stand,9,9,7,7,8,584,11,7,5,874,9,6,128.0,287.5
stand,17,17,17,17,17,767,17,17,17,850,17,17,148.9,308.6
stand,17,17,17,17,16,817,17,16,17,874,17,17,154.9,322.8
stand,0,0,0,0,759,0,0,0,630,765,0,0,179.5,326.4
stand,9,9,7,7,872,9,10,6,877,9,9,6,152.5,337.2
stand,17,17,17,17,887,17,17,17,909,17,17,17,163.8,343.0
stand,17,17,17,17,925,17,17,17,915,17,17,17,167.5,351.5
stand,0,0,0,0,879,0,0,0,942,0,0,0,151.8,354.7
stand,9,9,7,6,926,9,10,7,940,9,9,7,162.3,360.0
stand,16,17,17,17,894,17,17,17,946,17,17,17,167.4,351.7
stand,17,17,17,17,790,17,17,17,910,17,17,17,155.8,325.3
stand,0,0,0,0,800,0,0,0,919,0,0,0,143.3,335.5
stand,9,9,7,6,870,9,10,7,948,9,9,7,158.3,351.0
stand,17,17,17,16,893,17,16,17,941,17,17,17,166.8,350.6
stand,17,17,16,17,843,16,17,17,929,17,17,17,161.7,338.8
stand,0,0,0,0,864,0,0,0,939,0,0,0,150.3,351.3
stand,9,9,7,7,891,10,10,7,941,10,11,6,159.8,353.4
stand,17,17,17,18,852,17,16,17,946,17,17,17,164.0,343.9
stand,16,17,17,17,685,17,17,17,930,17,17,17,148.7,312.1
stand,530,0,0,0,678,0,0,0,888,0,0,0,174.7,325.2
stand,581,9,6,6,636,9,7,6,863,9,10,7,179.1,316.6
stand,419,17,17,16,17,17,17,16,912,17,17,17,124.9,273.5
stand,17,17,17,17,16,17,16,17,865,17,16,17,87.4,244.9
stand,0,0,0,0,0,0,0,0,774,0,0,0,64.5,223.4
stand,9,9,7,6,703,9,9,6,739,9,9,7,126.8,277.6
stand,444,17,17,16,848,17,17,17,16,17,17,17,121.7,259.6
stand,885,17,17,17,909,17,17,17,17,17,17,17,163.7,342.6
stand,880,0,0,0,913,0,0,0,0,0,0,0,149.4,349.0
stand,902,9,7,6,924,9,7,6,9,9,9,7,158.7,352.4
stand,874,17,17,17,922,16,17,17,17,17,17,16,163.7,343.2
stand,895,17,17,17,924,17,17,16,17,17,17,17,165.7,347.5
stand,893,0,0,0,927,0,0,0,0,0,0,0,151.7,354.3
stand,900,10,7,6,924,9,7,6,8,8,9,6,158.3,352.1
stand,908,17,17,17,926,17,17,17,16,17,17,17,166.9,350.4
stand,901,17,17,17,928,17,16,17,17,17,16,16,166.3,349.5
stand,899,0,0,0,925,0,0,0,0,0,0,0,152.0,355.0
stand,907,9,6,6,927,9,7,7,8,9,9,7,159.3,354.0
stand,901,16,17,17,928,17,16,17,16,16,16,17,166.2,349.6
stand,916,18,17,16,813,17,17,17,16,17,17,17,158.2,330.7
stand,888,0,0,0,679,0,0,0,0,0,0,0,130.6,308.2
stand,883,9,7,6,797,9,7,7,8,9,9,7,146.5,324.5
stand,561,17,17,16,393,807,16,17,17,17,17,17,159.3,272.7
stand,16,851,17,17,17,889,17,17,17,16,17,17,159.0,332.2
stand,0,497,0,0,0,801,0,0,0,0,0,0,108.2,260.8
stand,8,702,7,6,9,788,7,6,5,9,9,7,130.3,287.7
stand,16,820,17,16,17,853,17,17,17,17,17,17,153.4,319.1
stand,16,782,17,17,16,794,17,17,16,17,17,17,145.3,300.2
stand,0,840,0,0,0,897,0,0,0,0,0,0,144.8,338.3
stand,8,801,7,6,9,832,7,6,5,9,9,7,142.2,315.1
stand,16,829,17,17,17,908,17,17,17,17,17,17,158.8,331.9
stand,16,874,17,17,16,872,17,17,17,16,17,17,159.4,333.3
stand,0,877,0,0,0,902,0,0,0,0,0,0,148.3,346.3
stand,9,843,7,6,9,890,7,6,5,9,9,7,150.6,334.6
stand,17,862,17,17,17,900,17,17,17,17,17,17,161.0,336.4
stand,17,883,16,17,16,898,17,17,16,17,17,17,162.3,340.1
stand,0,861,0,0,0,901,0,0,0,0,0,0,146.8,343.0
stand,9,879,6,6,9,914,10,6,9,9,9,7,156.1,345.9
stand,17,889,16,17,17,898,17,17,17,16,17,17,162.9,341.3
stand,16,867,17,17,16,915,17,17,16,16,17,17,162.3,340.5
stand,0,903,0,0,0,858,0,0,0,0,0,0,146.8,342.9
stand,9,801,7,6,9,880,10,6,9,8,9,7,146.8,324.5
stand,16,803,17,16,17,800,17,17,16,17,17,17,147.5,305.5
stand,16,688,665,17,17,621,383,17,16,16,17,17,207.5,291.3
stand,0,0,854,0,0,0,891,0,0,0,0,0,145.4,339.7
stand,9,9,801,7,9,9,903,7,5,9,9,10,148.9,329.1
stand,16,17,835,17,16,17,875,17,17,17,17,17,156.5,326.4
stand,17,80,870,17,17,17,881,17,17,16,17,16,165.2,332.3
stand,0,0,859,0,0,0,886,0,0,0,0,0,145.4,339.7
stand,9,9,889,7,8,8,914,7,5,9,9,11,157.1,347.8
stand,16,17,890,17,17,16,916,17,16,16,17,17,164.3,345.1
stand,16,17,882,17,16,17,893,17,17,17,17,17,161.9,338.9
stand,0,0,906,0,0,0,920,0,0,0,0,0,152.2,355.4
stand,8,9,890,6,9,9,920,7,5,9,9,10,157.6,349.2
stand,16,17,914,17,17,17,914,16,17,17,17,16,166.3,349.3
stand,17,17,907,17,17,17,912,17,17,17,17,17,165.8,347.4
stand,0,0,908,0,0,0,922,0,0,0,0,0,152.5,356.2
stand,9,9,917,7,9,9,921,7,5,8,9,10,160.0,354.5
stand,16,17,908,17,17,16,914,17,17,16,17,17,165.8,348.1
stand,16,17,910,17,17,17,926,17,17,17,17,16,167.0,350.8
stand,0,0,913,0,0,0,905,0,0,0,0,0,151.5,353.8
stand,7,9,935,6,9,9,896,7,6,9,9,10,159.3,353.3
stand,16,17,924,17,17,17,814,17,16,16,17,16,158.7,332.6
stand,16,16,759,17,16,17,620,591,16,17,17,16,176.5,292.1
stand,0,0,904,0,0,0,781,507,0,0,0,0,182.7,341.6
stand,8,9,882,7,9,9,9,424,6,9,8,10,115.8,269.2
stand,16,17,911,17,17,17,791,16,16,17,17,17,155.8,325.8
stand,17,17,898,17,17,17,873,17,17,16,17,17,161.7,338.1
stand,0,0,461,565,0,0,189,905,0,0,0,0,176.7,303.3
stand,9,9,10,667,9,9,85,887,8,9,8,7,143.1,300.6
stand,17,17,17,882,16,17,17,919,16,17,17,17,164.1,344.1
stand,16,17,17,887,17,17,17,910,17,17,17,17,163.8,343.2
stand,0,0,0,888,0,0,0,912,0,0,0,0,150.0,350.4
stand,9,9,10,891,9,9,9,919,5,9,9,10,158.2,348.9
stand,17,17,17,906,17,17,17,919,17,17,17,17,166.3,348.6
stand,17,16,17,917,16,17,17,915,17,16,17,17,166.6,350.1
stand,0,0,0,913,0,0,0,918,0,0,0,0,152.6,356.4
stand,8,9,9,901,9,9,9,922,7,9,9,10,159.3,351.4
stand,16,17,17,909,17,16,17,923,17,16,17,17,166.6,350.1
stand,16,17,17,917,16,17,17,925,17,17,17,17,167.5,352.0
stand,0,0,0,913,0,0,0,924,0,0,0,0,153.1,357.5
stand,8,9,9,913,5,9,9,923,7,9,9,9,159.9,354.1
stand,17,17,17,914,17,17,17,925,16,17,17,17,167.3,351.3
stand,16,17,17,915,16,17,17,926,16,17,17,17,167.3,351.8
stand,0,0,0,911,0,0,0,925,0,0,0,0,153.0,357.3
stand,8,9,10,932,9,9,9,887,5,9,9,10,158.8,350.8
stand,16,16,17,946,17,17,17,724,16,17,17,17,153.1,322.0
stand,16,17,16,868,17,17,17,849,17,16,17,17,157.0,327.7
stand,0,0,0,900,0,0,0,792,0,0,0,0,141.0,330.1
stand,9,9,10,938,9,9,9,6,6,9,9,9,86.0,268.3
stand,16,17,16,923,17,16,17,694,17,17,16,17,148.6,312.1
stand,16,17,17,931,17,17,17,368,17,17,17,17,122.3,273.9
stand,0,0,0,908,0,0,0,709,0,0,0,0,134.8,317.6
stand,9,10,10,931,9,9,11,223,9,9,9,7,103.8,267.6
stand,16,17,17,936,17,17,17,17,16,16,16,17,93.3,265.4
stand,17,17,17,905,17,17,17,711,18,17,17,458,185.7,319.6
stand,0,0,0,853,0,0,0,870,0,0,0,321,170.3,335.7
stand,9,9,9,855,6,9,9,900,6,9,9,613,203.6,359.3
stand,16,17,16,890,16,16,16,914,17,16,17,401,196.0,347.7
stand,16,17,17,897,17,16,17,891,16,17,17,16,162.8,341.5
stand,0,0,0,933,0,0,0,0,0,0,0,0,77.8,269.3
stand,8,9,9,907,8,8,8,6,6,8,8,9,82.8,259.5
stand,15,16,16,810,16,15,16,15,16,16,16,15,81.8,229.3
stand,16,16,16,759,16,16,16,15,16,16,16,16,77.8,214.5
stand,0,0,0,486,0,0,0,609,0,0,0,849,162.0,303.5
stand,8,8,9,6,6,8,8,877,7,4,8,819,147.3,327.5
stand,15,16,16,16,15,16,16,699,15,16,15,930,148.8,314.8
stand,16,16,16,16,16,16,16,896,16,16,16,919,164.6,347.1
stand,0,0,0,0,0,0,0,866,0,0,0,944,150.8,352.7
stand,8,9,9,6,6,8,8,917,6,8,9,934,160.7,357.3
stand,16,16,16,15,16,16,16,874,16,16,16,948,165.1,348.8
stand,16,16,16,16,16,16,16,898,16,16,16,936,166.2,350.8
stand,0,0,0,0,0,0,0,902,0,0,0,945,153.9,359.6
stand,8,9,10,6,5,8,9,909,6,8,9,945,161.0,357.9
stand,16,15,16,16,16,16,16,916,16,15,16,946,168.3,356.3
stand,16,16,17,16,16,15,16,913,16,16,15,947,168.3,355.9
stand,0,0,0,0,0,0,0,902,0,0,0,944,153.8,359.4
stand,9,8,9,6,6,8,8,912,6,9,8,947,161.3,358.9
stand,15,16,16,16,16,15,16,919,16,15,16,947,168.6,357.1
stand,16,16,16,16,16,16,16,918,15,15,16,947,168.6,356.9
stand,0,0,0,0,0,0,0,906,0,0,0,945,154.3,360.3
stand,8,9,8,6,6,8,8,896,6,4,8,946,159.4,355.9
stand,16,16,16,16,16,16,16,893,15,16,16,945,166.4,351.7
stand,16,16,16,16,16,16,16,697,15,16,15,937,149.3,316.0
stand,0,0,0,0,0,0,0,566,0,0,0,920,123.8,298.9
stand,9,9,9,6,5,8,8,9,6,5,9,869,79.3,248.7
stand,13,13,13,13,13,12,13,13,13,12,12,882,85.2,250.9
stand,12,13,13,13,13,13,13,713,13,13,13,872,142.8,305.3
stand,0,0,0,0,0,0,730,233,0,0,0,597,130.0,259.5
stand,7,7,4,3,7,6,817,5,6,6,609,26,125.3,278.2
stand,12,13,13,12,12,12,818,13,12,12,658,58,137.1,283.1
stand,13,13,12,13,13,13,872,13,12,13,800,13,150.0,320.8
stand,0,0,0,0,0,0,872,0,0,0,829,0,141.8,331.2
stand,6,7,4,3,6,6,876,4,6,7,849,5,148.3,333.7
stand,12,13,12,13,11,13,883,12,13,13,902,13,159.2,342.6
stand,13,13,13,13,13,13,906,12,13,13,907,13,161.8,347.8
stand,0,0,0,0,0,0,888,0,0,0,879,0,147.3,343.9
stand,7,7,5,4,6,7,890,5,6,7,860,5,150.8,338.4
stand,12,12,12,13,12,12,916,12,12,12,891,12,160.7,347.0
stand,13,13,13,13,13,13,924,12,12,13,907,13,163.3,351.4
stand,0,0,0,0,0,0,919,0,0,0,905,0,152.0,355.0
stand,6,8,5,4,6,7,909,4,6,6,893,5,154.9,348.5
stand,12,12,12,12,12,12,914,12,12,12,898,12,161.0,348.0
stand,13,13,13,12,13,12,922,13,12,13,907,13,163.0,351.0
stand,0,0,0,0,0,0,918,0,0,0,906,0,152.0,355.0
stand,6,7,5,4,6,6,916,5,6,6,903,5,156.3,351.9
stand,12,12,12,13,13,12,919,12,12,12,913,12,162.8,351.8
stand,12,13,13,13,13,13,911,13,13,12,917,13,163.0,350.8
stand,0,0,0,0,0,0,818,0,0,0,901,0,143.3,335.0
stand,6,7,5,4,6,7,834,4,6,6,869,5,146.6,329.4
stand,12,12,12,13,12,12,832,12,12,13,832,12,148.8,319.1
stand,12,13,12,13,13,13,850,13,13,13,750,13,144.0,307.2
stand,0,0,0,0,0,0,843,0,0,0,755,0,133.2,311.6
stand,6,6,5,5,6,626,388,4,6,348,658,5,171.9,259.7
stand,12,12,12,12,13,790,12,12,12,553,402,12,154.5,270.8
stand,12,13,13,13,12,840,13,13,12,812,13,12,148.2,316.7
stand,0,0,0,0,0,847,0,0,0,888,0,0,144.6,337.8
stand,6,7,5,4,6,871,5,5,5,894,7,5,151.7,341.4
stand,12,12,12,12,12,854,12,12,12,923,13,12,158.2,341.5
stand,12,12,13,13,13,900,12,13,12,915,12,13,161.7,348.4
stand,0,0,0,0,0,889,0,0,0,920,0,0,150.8,352.1
stand,6,7,5,4,6,896,6,5,6,921,7,5,156.2,351.5
stand,12,13,12,12,12,886,13,11,12,924,12,13,161.0,347.6
stand,12,13,12,13,12,879,13,13,13,925,13,13,160.9,346.3
stand,0,0,0,0,0,884,0,0,0,922,0,0,150.5,351.6
stand,7,7,5,5,6,887,5,5,6,923,7,5,155.7,350.1
stand,12,13,13,12,12,893,13,12,12,922,13,12,161.6,348.5
stand,13,13,13,13,13,892,13,13,13,922,13,13,162.0,348.0
stand,0,0,0,0,0,887,0,0,0,923,0,0,150.8,352.4
stand,6,6,7,4,3,887,7,5,5,924,7,5,155.5,350.4
stand,12,12,12,13,13,890,13,12,12,924,12,12,161.4,348.3
stand,12,12,13,13,13,888,13,13,12,924,13,13,161.6,347.8
stand,0,0,0,0,0,888,0,0,0,922,0,0,150.8,352.3
stand,6,6,8,5,3,889,7,5,5,925,6,5,155.8,351.0
stand,12,12,13,12,12,886,12,12,12,926,12,13,161.2,348.0
stand,12,12,13,12,12,881,13,13,12,928,13,13,161.2,347.4
stand,0,0,0,0,0,869,0,0,0,928,0,0,149.8,350.0
stand,6,6,8,5,191,797,9,4,3,927,6,5,163.9,331.5
stand,12,12,13,12,173,666,13,12,13,929,12,12,156.6,308.0
stand,13,12,12,12,12,602,12,13,12,898,215,12,152.1,292.1
stand,0,0,0,0,0,738,0,0,0,878,294,0,159.2,315.9
stand,6,6,8,5,18,616,7,5,4,916,6,5,133.5,302.3
stand,12,12,12,12,650,31,12,12,12,909,13,12,141.6,303.1
stand,12,12,12,12,778,13,12,13,576,883,13,13,195.8,338.2
stand,0,0,0,0,577,0,0,0,922,848,0,0,195.6,362.2
stand,6,7,5,4,496,7,5,4,925,897,5,4,197.1,361.9
stand,12,12,13,13,12,12,12,12,943,886,13,12,162.7,351.4
stand,13,13,13,13,12,12,13,13,947,890,13,12,163.7,352.8
stand,0,0,0,0,476,0,0,0,945,889,0,0,192.5,365.0
stand,6,6,5,5,522,351,5,5,917,876,5,4,225.6,355.9
stand,13,12,12,12,12,664,12,12,914,822,13,12,209.2,360.3
stand,13,12,12,12,13,12,12,13,928,904,13,12,163.0,351.8
stand,0,0,0,0,0,0,0,0,945,891,0,0,153.0,357.5
stand,4,4,6,6,8,5,3,6,944,902,4,6,158.2,357.4
stand,12,12,12,12,12,12,13,12,945,901,12,12,163.9,354.7
stand,12,12,12,12,13,12,12,13,945,902,13,13,164.3,354.8
stand,0,0,0,0,0,0,0,0,944,900,0,0,153.7,359.0
stand,6,6,5,5,6,6,6,4,944,901,6,4,158.3,357.1
stand,12,12,12,12,13,12,12,12,933,911,13,12,163.8,354.2
stand,12,12,12,14,12,12,12,13,940,895,13,12,163.3,352.4
stand,0,0,0,0,0,0,0,0,938,896,0,0,152.8,357.1
stand,6,7,7,5,4,6,6,8,923,880,6,8,155.5,348.6
stand,12,13,12,12,12,12,12,12,912,840,12,12,156.1,336.6
stand,12,13,12,12,12,12,12,12,923,859,13,12,158.7,342.3
stand,0,0,0,0,0,0,0,0,933,879,0,0,151.0,352.8
stand,6,6,7,4,4,6,6,8,921,866,7,8,154.1,345.6
stand,13,12,12,12,13,12,13,12,920,860,12,12,158.6,341.9
stand,12,12,12,13,13,13,12,12,921,862,13,12,158.9,342.4
stand,0,0,0,0,0,0,0,0,911,850,0,0,146.8,343.0
stand,6,7,7,5,3,6,6,7,897,862,7,8,151.8,340.0
stand,12,12,12,12,12,12,12,12,859,791,13,13,147.7,316.7
stand,12,12,12,13,12,12,12,13,882,838,12,13,153.6,330.1
stand,0,0,0,0,0,0,0,0,873,873,0,0,145.5,339.8
stand,6,7,8,5,638,6,6,5,820,813,6,5,193.8,342.5
stand,12,12,12,12,894,769,12,12,557,509,13,12,235.5,343.2
stand,13,12,12,12,865,886,12,12,12,12,12,12,156.0,336.1
stand,0,0,0,0,903,889,0,0,0,0,0,0,149.3,348.8
stand,6,6,5,4,924,906,5,5,7,6,6,5,157.1,354.0
stand,12,12,12,12,933,841,12,12,12,12,12,12,157.8,341.2
stand,13,12,12,13,926,828,13,13,71,12,13,12,161.5,335.3
stand,0,0,0,0,928,882,0,0,0,0,0,0,150.8,352.4
stand,6,6,5,4,931,890,5,4,6,6,6,5,156.2,352.5
stand,12,12,12,12,929,878,12,12,12,12,12,13,160.7,347.1
stand,12,12,12,12,931,877,12,12,12,13,12,12,160.8,347.4
stand,0,0,0,0,932,882,0,0,0,0,0,0,151.2,353.2
stand,7,6,5,5,931,881,5,5,6,6,6,5,155.7,350.6
stand,12,12,13,12,931,882,12,12,12,13,12,12,161.3,348.3
stand,12,13,12,12,933,884,12,12,12,12,12,12,161.5,349.1
stand,0,0,0,0,931,881,0,0,0,0,0,0,151.0,352.8
stand,6,6,7,5,930,890,8,5,3,6,6,9,156.8,351.9
stand,13,12,13,12,914,899,12,12,13,12,12,12,161.3,348.1
stand,13,12,12,12,929,759,12,12,13,12,12,12,150.8,325.8
stand,0,0,0,0,925,773,0,0,0,0,0,0,141.5,332.1
stand,6,6,7,5,937,863,7,5,3,6,6,7,154.8,348.4
stand,12,12,12,13,924,892,12,12,12,12,12,13,161.5,348.8
stand,13,12,12,12,928,891,13,13,12,12,12,13,161.9,349.3
stand,0,0,0,0,921,898,0,0,0,0,0,0,151.6,354.1
stand,6,6,7,4,883,866,7,5,4,6,6,7,150.6,338.2
stand,12,12,12,12,803,720,12,12,13,12,12,12,137.0,292.2
stand,12,12,12,12,856,788,13,13,13,12,12,13,147.3,315.5
stand,0,0,0,0,899,876,0,0,0,0,0,0,147.9,345.5
stand,779,304,5,4,539,689,5,4,6,6,7,5,196.1,302.0
stand,809,13,12,12,711,691,12,12,12,12,12,12,193.3,328.9
stand,898,706,12,13,12,12,13,12,12,12,12,12,143.8,310.1
stand,887,831,0,0,0,0,0,0,0,0,0,0,143.2,334.6
stand,899,804,5,3,6,7,8,4,3,6,7,7,146.6,329.9
stand,914,828,12,12,12,12,12,12,12,12,12,12,155.2,334.9
stand,905,818,12,12,12,12,12,12,12,12,12,13,153.7,331.1
stand,930,836,0,0,0,0,0,0,0,0,0,0,147.2,344.3
stand,914,720,5,3,6,6,7,4,3,6,6,8,140.7,318.6
stand,886,719,12,12,12,13,12,12,12,12,12,12,143.8,309.7
stand,931,805,12,12,12,12,12,12,12,12,12,12,154.7,334.3
stand,927,867,0,0,0,0,0,0,0,0,0,0,149.5,349.4
stand,934,861,4,3,6,6,7,4,3,6,6,7,153.9,347.7
stand,924,792,12,12,12,12,12,12,12,12,12,12,153.0,330.5
stand,922,794,12,12,12,12,12,12,12,12,12,13,153.1,330.4
stand,931,835,0,0,0,0,0,0,0,0,0,0,147.2,344.3
stand,931,855,5,3,6,6,7,4,3,5,6,6,153.1,346.0
stand,930,845,12,12,12,12,12,12,12,12,12,12,157.9,341.3
stand,932,856,12,12,12,12,12,12,12,12,13,12,159.1,343.7
stand,925,863,0,0,0,0,0,0,0,0,0,0,149.0,348.2
stand,920,881,4,6,6,6,4,4,6,6,6,4,154.4,348.6
stand,914,867,12,13,12,12,12,12,12,12,12,12,158.5,342.1
stand,937,696,12,12,12,12,13,12,12,12,13,12,146.3,317.3
stand,894,788,0,0,0,0,0,0,0,0,0,0,140.2,328.1
stand,682,838,4,6,6,6,5,4,6,6,7,5,131.3,295.6
stand,12,902,559,12,12,12,12,12,12,12,11,11,131.6,289.2
stand,12,872,913,12,12,13,12,13,12,12,12,12,158.9,342.8
stand,0,875,923,0,0,0,0,0,0,0,0,0,149.8,350.1
stand,6,915,865,6,7,6,5,4,6,6,6,5,153.1,344.4
stand,12,900,904,12,12,12,12,11,12,12,12,12,160.3,346.5
stand,12,902,907,13,12,12,12,12,12,12,12,12,160.8,347.4
stand,0,902,910,0,0,0,0,0,0,0,0,0,151.0,352.7
stand,6,904,910,6,6,6,5,4,6,7,6,5,155.9,350.8
stand,12,905,913,13,12,12,12,12,12,12,12,11,161.5,349.2
stand,12,906,914,12,12,12,12,12,13,12,12,12,161.8,349.5
stand,0,905,911,0,0,0,0,0,0,0,0,0,151.3,353.4
stand,6,906,913,6,6,6,5,4,6,6,6,4,156.2,351.9
stand,11,907,915,12,12,12,12,12,12,12,12,13,161.8,349.9
stand,11,908,915,12,12,12,12,12,11,12,12,12,161.8,350.2
stand,0,906,913,0,0,0,0,0,0,0,0,0,151.6,354.0
stand,6,907,914,6,6,7,4,4,6,6,6,5,156.4,352.2
stand,12,907,915,12,12,12,12,12,12,12,13,12,161.9,349.9
stand,12,905,917,13,12,12,12,12,12,12,12,12,161.9,349.9
stand,0,909,908,0,0,0,0,0,0,0,0,0,151.4,353.6
stand,6,911,813,6,6,6,5,4,6,6,6,4,148.3,334.0
stand,12,906,777,12,12,12,12,11,12,12,12,12,150.2,324.1
stand,12,854,862,12,12,12,13,12,12,12,12,12,153.1,329.3
stand,0,554,898,0,0,0,0,0,0,0,0,0,121.0,292.0
stand,6,91,904,675,6,7,4,4,6,6,7,4,143.3,306.7
stand,12,11,871,931,13,13,12,12,11,12,12,12,160.2,346.3
stand,12,12,742,956,12,12,12,12,12,12,12,12,151.5,329.0
stand,0,0,879,899,0,0,0,0,0,0,0,0,148.2,346.1
stand,6,6,823,937,6,6,7,5,3,6,7,8,151.7,341.1
stand,12,12,854,946,12,12,12,12,12,12,13,12,160.1,346.2
stand,12,12,883,943,12,12,12,13,12,12,12,12,162.3,350.9
stand,0,0,885,938,0,0,0,0,0,0,0,0,151.9,355.0
stand,6,6,859,938,6,6,7,5,3,6,7,8,154.8,347.8
stand,13,12,848,937,13,12,12,12,12,12,12,11,158.8,343.2
stand,12,11,865,942,12,12,12,12,12,12,12,12,160.5,347.4
stand,0,0,879,941,0,0,0,0,0,0,0,0,151.7,354.5
stand,5,6,885,943,6,6,7,4,3,6,6,7,157.0,353.8
stand,12,12,884,943,13,12,13,12,12,12,13,12,162.5,351.0
stand,12,12,870,942,12,12,12,12,12,13,12,12,161.1,348.3
stand,0,0,869,942,0,0,0,0,0,0,0,0,150.9,352.8
stand,6,6,883,947,6,6,7,4,4,6,6,7,157.3,354.2
stand,11,12,869,949,12,12,12,12,11,12,12,12,161.3,349.7
stand,12,12,866,945,13,12,12,12,12,13,12,12,161.1,348.1
stand,0,0,807,937,0,0,0,0,0,0,0,0,145.3,340.6
stand,6,6,288,922,7,6,397,206,6,6,7,4,155.1,277.1
stand,12,12,313,875,12,12,761,616,12,12,12,12,221.8,334.8
stand,12,12,12,615,12,12,821,816,12,12,12,12,196.7,337.8
stand,0,0,0,17,0,0,818,922,0,0,0,0,146.4,338.7
stand,6,6,5,17,6,6,572,929,6,6,7,4,130.8,299.3
stand,11,12,12,13,12,11,748,937,12,12,12,12,150.3,325.8
stand,12,12,12,13,11,12,807,936,12,12,12,12,155.3,335.7
stand,0,0,0,0,0,0,839,942,0,0,0,0,148.4,347.3
stand,5,7,4,4,6,6,863,939,6,6,6,5,154.8,349.0
stand,12,13,12,12,12,12,866,942,12,13,11,12,160.8,347.5
stand,12,12,12,12,12,12,869,944,12,12,12,12,161.1,348.6
stand,0,0,0,0,0,0,873,942,0,0,0,0,151.3,353.6
stand,6,6,5,4,6,6,851,944,6,6,7,5,154.3,347.7
stand,12,12,12,12,12,12,836,942,12,12,12,12,158.2,342.1
stand,12,11,12,12,12,12,814,942,12,12,12,12,156.3,338.2
stand,0,0,0,0,0,0,854,940,0,0,0,0,149.5,349.6
stand,6,6,4,4,6,6,873,939,6,6,6,5,155.6,350.8
stand,12,11,12,12,12,12,876,943,12,12,12,12,161.5,349.7
stand,12,12,12,12,12,12,874,941,12,12,12,12,161.3,348.9
stand,0,0,0,0,0,0,879,941,0,0,0,0,151.7,354.5
stand,6,6,5,4,6,6,869,940,6,6,6,5,155.4,350.2
stand,12,11,12,12,12,13,725,921,12,12,12,12,147.2,318.4
stand,12,12,12,12,12,12,750,786,12,12,12,13,138.1,294.3
stand,0,0,0,0,0,0,852,891,0,0,285,0,169.0,338.2
stand,6,6,7,4,3,6,735,908,3,7,450,408,211.9,329.6
stand,13,12,12,12,11,13,12,647,12,12,680,805,186.8,317.9
stand,12,12,12,12,12,12,11,12,12,12,496,928,128.6,287.7
stand,0,0,0,0,0,0,0,0,0,0,560,936,124.7,302.0
stand,6,6,5,4,6,6,6,5,5,6,400,945,116.7,284.4
stand,12,12,12,12,12,12,12,12,12,12,519,928,130.6,290.4
stand,12,12,12,12,12,12,12,12,12,12,680,939,144.9,315.3
stand,0,0,0,0,0,0,0,0,0,0,655,946,133.4,317.7
stand,6,6,5,4,6,6,6,5,4,6,741,930,143.8,325.6
stand,12,12,12,12,12,13,12,12,11,13,703,932,146.3,317.3
stand,12,12,12,13,12,12,12,12,12,12,761,926,150.7,325.5
stand,0,0,0,0,0,0,0,0,0,0,706,825,127.6,299.0
stand,6,6,7,4,4,6,6,7,4,4,677,837,130.7,294.5
stand,12,12,12,12,11,12,12,12,12,12,735,910,147.0,317.7
stand,12,12,12,12,13,12,12,12,12,12,736,907,147.0,317.2
stand,0,0,0,0,0,0,0,0,0,0,691,878,130.8,308.0
stand,6,6,7,4,4,6,6,7,5,4,714,895,138.7,313.4
stand,12,12,12,12,12,12,12,12,12,12,761,920,150.1,324.3
stand,12,13,12,12,12,12,12,12,12,12,721,911,146.1,315.5
stand,0,0,0,0,0,0,0,0,0,0,511,908,118.3,288.9
stand,6,7,7,5,4,6,6,7,4,5,147,922,93.8,264.0
stand,12,12,12,12,11,12,12,12,12,12,12,899,85.8,256.1
stand,11,13,12,12,12,11,13,12,12,12,11,799,77.5,227.2
stand,0,0,0,0,0,0,0,0,0,0,380,330,59.2,138.6
stand,5,6,5,4,6,6,6,5,4,5,804,7,71.9,230.5
stand,12,11,12,12,12,12,12,12,12,12,838,12,80.8,238.5
stand,12,12,12,11,12,12,12,12,12,718,787,12,135.3,288.7
stand,0,0,0,0,0,0,0,0,0,851,742,0,132.8,310.9
stand,6,6,4,4,5,6,6,4,4,923,614,5,132.3,304.4
stand,11,12,12,12,12,12,12,13,12,847,899,12,155.5,335.3
stand,11,12,12,13,12,12,12,13,11,885,687,12,141.0,304.2
stand,0,0,0,0,0,0,0,0,0,893,704,0,133.1,313.4
stand,6,6,5,5,6,6,7,5,4,906,826,5,148.9,335.4
stand,12,13,12,12,11,12,12,12,12,867,721,12,142.3,306.0
stand,12,12,12,11,12,12,12,12,12,841,485,12,120.4,264.6
stand,0,0,0,0,0,0,0,0,0,883,737,0,135.0,316.8
stand,6,6,5,4,6,6,6,4,4,888,755,5,141.3,319.0
stand,12,12,12,12,11,12,12,12,12,849,498,12,122.2,268.2
stand,12,12,12,12,12,12,12,12,12,848,513,12,123.4,269.8
stand,0,0,0,0,0,0,0,0,0,866,674,0,128.3,302.5
stand,6,6,4,4,5,6,6,5,4,863,603,4,126.3,288.7
stand,12,12,12,12,12,12,12,11,12,868,589,13,131.4,285.2
stand,11,12,12,13,12,12,12,13,12,861,620,12,133.5,288.1
stand,0,0,0,0,0,0,0,0,0,542,764,0,108.8,258.5
stand,6,6,6,4,5,6,6,7,4,479,704,7,103.3,233.0
stand,12,11,13,12,12,11,12,12,12,331,669,12,93.3,203.2
stand,12,12,12,12,12,12,13,12,12,749,509,12,114.9,245.5
stand,0,0,0,0,0,0,0,0,0,906,0,0,75.5,261.5
stand,6,6,5,4,6,6,6,5,802,883,6,4,144.9,326.3
stand,11,12,12,12,12,12,12,12,892,864,12,12,156.3,337.2
stand,11,12,13,12,12,11,13,12,940,844,12,12,158.7,343.2
stand,0,0,0,0,0,0,0,0,909,901,0,0,150.8,352.3
stand,6,6,5,4,6,7,6,5,920,809,6,5,148.8,335.2
stand,12,12,13,12,12,12,13,12,913,842,12,12,156.4,337.2
stand,12,12,12,12,12,13,12,12,907,820,12,12,154.0,331.9
stand,0,0,0,0,0,0,0,0,799,707,0,0,125.5,293.8
stand,5,6,5,4,6,6,6,4,822,727,6,5,133.5,300.1
stand,12,12,12,12,12,12,12,11,897,814,12,11,152.4,328.9
stand,12,12,12,12,13,12,12,12,895,813,12,12,152.4,328.2
stand,0,0,0,0,0,0,0,0,852,744,0,0,133.0,311.5
